"","Date","Year","Month","ADM1_PCODE","Pop0_19","cases0_19","pred.mean","pred.median","pred.lci","pred.uci"
"1",2010-01-01,2010,1,"PE16",446868,51,100.656,53,1,465.1
"2",2010-01-01,2010,1,"PE17",61776,31,33.677,17.5,0,150.05
"3",2010-01-01,2010,1,"PE20",738144,74,95.641,49.5,0,425.05
"4",2010-01-01,2010,1,"PE22",342603,19,107.168,47,0,613.15
"5",2010-01-01,2010,1,"PE24",87342,24,12.083,6,0,55.025
"6",2010-01-01,2010,1,"PE25",235480,18,36.55,18,0,178.05
"7",2010-02-01,2010,2,"PE16",446868,38,66.309,36.5,0,330.125
"8",2010-02-01,2010,2,"PE17",61776,21,25.63,13.5,0,118.075
"9",2010-02-01,2010,2,"PE20",738144,114,202.947,102,1,1038.075
"10",2010-02-01,2010,2,"PE22",342603,5,111.921,46,0,601.025
"11",2010-02-01,2010,2,"PE24",87342,44,18.237,10,0,84.025
"12",2010-02-01,2010,2,"PE25",235480,7,26.156,13,0,136.075
"13",2010-03-01,2010,3,"PE16",446868,31,60.76,33,0,272.05
"14",2010-03-01,2010,3,"PE17",61776,37,23.393,12,0,106.025
"15",2010-03-01,2010,3,"PE20",738144,467,318.412,157,3,1421.525
"16",2010-03-01,2010,3,"PE22",342603,16,92.303,41,0,501.025
"17",2010-03-01,2010,3,"PE24",87342,69,26.944,16,0,121.075
"18",2010-03-01,2010,3,"PE25",235480,1,16.364,9,0,82.025
"19",2010-04-01,2010,4,"PE16",446868,25,40.382,21.5,0,213
"20",2010-04-01,2010,4,"PE17",61776,30,25.179,14,0,122.125
"21",2010-04-01,2010,4,"PE20",738144,1341,441.478,230.5,2,2189.75
"22",2010-04-01,2010,4,"PE22",342603,12,65.437,27,0,373.3
"23",2010-04-01,2010,4,"PE24",87342,77,40.608,23,0,173.05
"24",2010-04-01,2010,4,"PE25",235480,3,10.129,4,0,51.025
"25",2010-05-01,2010,5,"PE16",446868,23,29.534,16,0,141.05
"26",2010-05-01,2010,5,"PE17",61776,55,16.764,10,0,72.025
"27",2010-05-01,2010,5,"PE20",738144,594,517.839,283,2,2276.225
"28",2010-05-01,2010,5,"PE22",342603,7,56.675,24,0,285.05
"29",2010-05-01,2010,5,"PE24",87342,132,46.175,27.5,0,203.125
"30",2010-05-01,2010,5,"PE25",235480,9,6.225,3,0,29.025
"31",2010-06-01,2010,6,"PE16",446868,23,20.428,11,0,101
"32",2010-06-01,2010,6,"PE17",61776,28,12.997,7.5,0,59.05
"33",2010-06-01,2010,6,"PE20",738144,99,407.11,206,2,2148.525
"34",2010-06-01,2010,6,"PE22",342603,2,49.785,21,0,273.175
"35",2010-06-01,2010,6,"PE24",87342,46,56.436,30,0,263.05
"36",2010-06-01,2010,6,"PE25",235480,3,6.847,3,0,34
"37",2010-07-01,2010,7,"PE16",446868,20,13.563,7,0,62
"38",2010-07-01,2010,7,"PE17",61776,14,9.212,5,0,42
"39",2010-07-01,2010,7,"PE20",738144,22,239.916,123.5,1,1222.45
"40",2010-07-01,2010,7,"PE22",342603,4,63.005,28,0,378.549999999999
"41",2010-07-01,2010,7,"PE24",87342,38,39.373,23,0,179.175
"42",2010-07-01,2010,7,"PE25",235480,1,6.55,3,0,31.025
"43",2010-08-01,2010,8,"PE16",446868,18,12.33,7,0,56.025
"44",2010-08-01,2010,8,"PE17",61776,10,6.449,4,0,29
"45",2010-08-01,2010,8,"PE20",738144,3,169.097,78,0,815.3
"46",2010-08-01,2010,8,"PE22",342603,0,58.33,26,0,328.025
"47",2010-08-01,2010,8,"PE24",87342,9,26.172,16,0,110.025
"48",2010-08-01,2010,8,"PE25",235480,0,6.903,3,0,38.025
"49",2010-09-01,2010,9,"PE16",446868,10,15.351,8,0,77.025
"50",2010-09-01,2010,9,"PE17",61776,15,8.064,5,0,36.025
"51",2010-09-01,2010,9,"PE20",738144,3,108.458,57,0,548.225
"52",2010-09-01,2010,9,"PE22",342603,0,58.382,26,0,314.075
"53",2010-09-01,2010,9,"PE24",87342,8,21.744,11,0,104.075
"54",2010-09-01,2010,9,"PE25",235480,1,10.269,4,0,51.025
"55",2010-10-01,2010,10,"PE16",446868,15,23.333,13,0,98
"56",2010-10-01,2010,10,"PE17",61776,94,12.055,7,0,51.025
"57",2010-10-01,2010,10,"PE20",738144,1,84.843,41,0,429.15
"58",2010-10-01,2010,10,"PE22",342603,6,48.887,20,0,298.225
"59",2010-10-01,2010,10,"PE24",87342,12,14.867,8,0,73.025
"60",2010-10-01,2010,10,"PE25",235480,0,18.785,9.5,0,93.05
"61",2010-11-01,2010,11,"PE16",446868,37,42.674,24,0,180.1
"62",2010-11-01,2010,11,"PE17",61776,232,25.417,14,0,117
"63",2010-11-01,2010,11,"PE20",738144,0,79.553,37.5,0,423.025
"64",2010-11-01,2010,11,"PE22",342603,4,73.658,32.5,0,387.025
"65",2010-11-01,2010,11,"PE24",87342,6,11.466,6,0,54
"66",2010-11-01,2010,11,"PE25",235480,2,39.188,18,0,179.025
"67",2010-12-01,2010,12,"PE16",446868,155,46.81,25,0,221.025
"68",2010-12-01,2010,12,"PE17",61776,72,31.704,20,0,129.075
"69",2010-12-01,2010,12,"PE20",738144,0,82.977,39,0,451
"70",2010-12-01,2010,12,"PE22",342603,4,93.776,40,0,505.025
"71",2010-12-01,2010,12,"PE24",87342,1,10.466,6,0,46.05
"72",2010-12-01,2010,12,"PE25",235480,2,53.287,25,0,313.125
"73",2011-01-01,2011,1,"PE16",446868,5860,368.5,194,1,1689.625
"74",2011-01-01,2011,1,"PE17",61776,76,24.288,14,0,106.075
"75",2011-01-01,2011,1,"PE20",738144,1,40.919,20.5,0,207
"76",2011-01-01,2011,1,"PE22",342603,162,204.834,96.5,1,1098.475
"77",2011-01-01,2011,1,"PE24",87342,6,1.937,1,0,9
"78",2011-01-01,2011,1,"PE25",235480,23,194.604,101,1,1030.025
"79",2011-02-01,2011,2,"PE16",446868,3282,426.301,237,3,1838.925
"80",2011-02-01,2011,2,"PE17",61776,96,16.609,10,0,73.025
"81",2011-02-01,2011,2,"PE20",738144,23,67.32,33,0,331.125
"82",2011-02-01,2011,2,"PE22",342603,262,178.991,84,1,825.674999999999
"83",2011-02-01,2011,2,"PE24",87342,7,3.522,2,0,16
"84",2011-02-01,2011,2,"PE25",235480,40,127.408,67,1,583.849999999999
"85",2011-03-01,2011,3,"PE16",446868,1181,465.788,257,2,2071.1
"86",2011-03-01,2011,3,"PE17",61776,61,17.321,10,0,85
"87",2011-03-01,2011,3,"PE20",738144,5,152.504,69,0.975000000000001,808.425
"88",2011-03-01,2011,3,"PE22",342603,121,187.238,94.5,1,939.3
"89",2011-03-01,2011,3,"PE24",87342,14,5.248,3,0,26
"90",2011-03-01,2011,3,"PE25",235480,31,86.717,40.5,0,458
"91",2011-04-01,2011,4,"PE16",446868,341,391.192,233.5,2.975,1578.425
"92",2011-04-01,2011,4,"PE17",61776,34,20.521,12,0,84.025
"93",2011-04-01,2011,4,"PE20",738144,7,289.126,119.5,1,1670.3
"94",2011-04-01,2011,4,"PE22",342603,19,188.028,91.5,1,1001.2
"95",2011-04-01,2011,4,"PE24",87342,3,9.913,5,0,46
"96",2011-04-01,2011,4,"PE25",235480,7,57.849,28,0,286.05
"97",2011-05-01,2011,5,"PE16",446868,109,289.802,154,1,1340.15
"98",2011-05-01,2011,5,"PE17",61776,29,15.946,9,0,66
"99",2011-05-01,2011,5,"PE20",738144,4,246.479,107.5,1,1272.025
"100",2011-05-01,2011,5,"PE22",342603,15,146.927,66,0,800.1
"101",2011-05-01,2011,5,"PE24",87342,4,11.866,6,0,55.025
"102",2011-05-01,2011,5,"PE25",235480,3,46.125,23,0,227.025
"103",2011-06-01,2011,6,"PE16",446868,66,216.803,115.5,1,995.05
"104",2011-06-01,2011,6,"PE17",61776,21,10.434,6,0,46
"105",2011-06-01,2011,6,"PE20",738144,1,160.163,75,0.975000000000001,768.874999999999
"106",2011-06-01,2011,6,"PE22",342603,1,135.3,64,0,684.175
"107",2011-06-01,2011,6,"PE24",87342,5,11.999,7,0,55.025
"108",2011-06-01,2011,6,"PE25",235480,1,36.629,18,0,173.175
"109",2011-07-01,2011,7,"PE16",446868,67,153.227,84,1,760.1
"110",2011-07-01,2011,7,"PE17",61776,30,7.012,4,0,33
"111",2011-07-01,2011,7,"PE20",738144,3,86.071,40,0,471.4
"112",2011-07-01,2011,7,"PE22",342603,5,153.391,63.5,0,788.425
"113",2011-07-01,2011,7,"PE24",87342,0,8.129,4.5,0,35
"114",2011-07-01,2011,7,"PE25",235480,2,38.69,17,0,196.1
"115",2011-08-01,2011,8,"PE16",446868,37,133.096,74,0,588.175
"116",2011-08-01,2011,8,"PE17",61776,16,4.961,3,0,19.025
"117",2011-08-01,2011,8,"PE20",738144,2,50.508,24,0,255.05
"118",2011-08-01,2011,8,"PE22",342603,3,135.902,65,0,605.874999999999
"119",2011-08-01,2011,8,"PE24",87342,0,5.424,3,0,26
"120",2011-08-01,2011,8,"PE25",235480,2,32.948,17,0,171.075
"121",2011-09-01,2011,9,"PE16",446868,33,171.898,94,1,789.25
"122",2011-09-01,2011,9,"PE17",61776,18,7.218,4,0,33
"123",2011-09-01,2011,9,"PE20",738144,0,37.733,18.5,0,209.125
"124",2011-09-01,2011,9,"PE22",342603,4,127.737,58,1,695.2
"125",2011-09-01,2011,9,"PE24",87342,1,4.653,2,0,24.025
"126",2011-09-01,2011,9,"PE25",235480,3,50.982,25,0,246.225
"127",2011-10-01,2011,10,"PE16",446868,45,253.448,143.5,2,1105.35
"128",2011-10-01,2011,10,"PE17",61776,48,12.83,7,0,56.05
"129",2011-10-01,2011,10,"PE20",738144,11,23.182,11,0,126.05
"130",2011-10-01,2011,10,"PE22",342603,1,142.814,66,0.975000000000001,687.2
"131",2011-10-01,2011,10,"PE24",87342,0,2.904,2,0,15
"132",2011-10-01,2011,10,"PE25",235480,13,90.394,40.5,0,476.025
"133",2011-11-01,2011,11,"PE16",446868,42,450.379,236,4,2263.175
"134",2011-11-01,2011,11,"PE17",61776,36,30.652,16,0,146.05
"135",2011-11-01,2011,11,"PE20",738144,12,19.665,8,0,109.025
"136",2011-11-01,2011,11,"PE22",342603,3,191.584,85.5,1,996.574999999999
"137",2011-11-01,2011,11,"PE24",87342,4,1.994,1,0,11
"138",2011-11-01,2011,11,"PE25",235480,124,172.76,80,1,881.074999999999
"139",2011-12-01,2011,12,"PE16",446868,33,682.962,351,3.975,3201.4
"140",2011-12-01,2011,12,"PE17",61776,13,28.291,16,0,123.025
"141",2011-12-01,2011,12,"PE20",738144,2,24.972,12,0,127.075
"142",2011-12-01,2011,12,"PE22",342603,7,232.577,118.5,1,1233.175
"143",2011-12-01,2011,12,"PE24",87342,0,1.861,1,0,10
"144",2011-12-01,2011,12,"PE25",235480,622,137.693,56,0.975000000000001,728.325
"145",2012-01-01,2012,1,"PE16",446868,189,371.085,210.5,2,1655.3
"146",2012-01-01,2012,1,"PE17",61776,29,39.084,21.5,0,165.075
"147",2012-01-01,2012,1,"PE20",738144,2,72.781,37.5,0,363.325
"148",2012-01-01,2012,1,"PE22",342603,26,575.912,280.5,3,3062.125
"149",2012-01-01,2012,1,"PE24",87342,2,7.127,4,0,32.025
"150",2012-01-01,2012,1,"PE25",235480,1345,844.641,416,6,4236.2
"151",2012-02-01,2012,2,"PE16",446868,181,327.707,171,1.975,1598.4
"152",2012-02-01,2012,2,"PE17",61776,24,31.728,19,0,150.05
"153",2012-02-01,2012,2,"PE20",738144,4,137.869,59,0,705.025
"154",2012-02-01,2012,2,"PE22",342603,19,615.369,292.5,3,3116.35
"155",2012-02-01,2012,2,"PE24",87342,1,11.031,6,0,48.025
"156",2012-02-01,2012,2,"PE25",235480,219,691.46,365.5,5,3290.875
"157",2012-03-01,2012,3,"PE16",446868,303,224.626,117,1,1167.05
"158",2012-03-01,2012,3,"PE17",61776,40,27.243,16,0,126
"159",2012-03-01,2012,3,"PE20",738144,7,280.109,138,1,1410.225
"160",2012-03-01,2012,3,"PE22",342603,51,491.631,223.5,3,2452.675
"161",2012-03-01,2012,3,"PE24",87342,5,16.219,9,0,75.025
"162",2012-03-01,2012,3,"PE25",235480,56,448.266,225,2,2213.8
"163",2012-04-01,2012,4,"PE16",446868,298,162.165,85,1,781.275
"164",2012-04-01,2012,4,"PE17",61776,72,26.065,14,0,122
"165",2012-04-01,2012,4,"PE20",738144,21,431.71,210.5,2,2188.825
"166",2012-04-01,2012,4,"PE22",342603,18,409.813,188,1.975,2139.6
"167",2012-04-01,2012,4,"PE24",87342,3,24.224,13,0,108.05
"168",2012-04-01,2012,4,"PE25",235480,3,300.395,148.5,2,1466.025
"169",2012-05-01,2012,5,"PE16",446868,184,109.893,55,1,535.175
"170",2012-05-01,2012,5,"PE17",61776,81,19.506,10,0,82
"171",2012-05-01,2012,5,"PE20",738144,78,364.61,173,2,1902.425
"172",2012-05-01,2012,5,"PE22",342603,26,330.526,153,2,1802.125
"173",2012-05-01,2012,5,"PE24",87342,16,29.776,16,0,150.075
"174",2012-05-01,2012,5,"PE25",235480,5,217.966,112.5,1,967.05
"175",2012-06-01,2012,6,"PE16",446868,202,69.373,41.5,0,305.025
"176",2012-06-01,2012,6,"PE17",61776,100,10.508,6,0,46.025
"177",2012-06-01,2012,6,"PE20",738144,113,190.504,96,1,898.525
"178",2012-06-01,2012,6,"PE22",342603,49,266.051,119,1,1354.525
"179",2012-06-01,2012,6,"PE24",87342,97,19.604,11,0,92
"180",2012-06-01,2012,6,"PE25",235480,3,204.634,99,1,1013.325
"181",2012-07-01,2012,7,"PE16",446868,49,65.305,34,0,309
"182",2012-07-01,2012,7,"PE17",61776,46,8.984,5,0,38
"183",2012-07-01,2012,7,"PE20",738144,75,105.466,48.5,1,511.325
"184",2012-07-01,2012,7,"PE22",342603,188,231.534,103,1,1264.15
"185",2012-07-01,2012,7,"PE24",87342,52,15.426,9,0,66
"186",2012-07-01,2012,7,"PE25",235480,11,175.672,92,1,786.025
"187",2012-08-01,2012,8,"PE16",446868,29,63.037,35,0,276
"188",2012-08-01,2012,8,"PE17",61776,16,7.078,4,0,35.025
"189",2012-08-01,2012,8,"PE20",738144,33,64.421,30,0,300.125
"190",2012-08-01,2012,8,"PE22",342603,300,179.429,91.5,1,789.25
"191",2012-08-01,2012,8,"PE24",87342,17,12.029,6,0,54.025
"192",2012-08-01,2012,8,"PE25",235480,9,173.763,92.5,0.975000000000001,849.175
"193",2012-09-01,2012,9,"PE16",446868,54,67.401,40,0,293.1
"194",2012-09-01,2012,9,"PE17",61776,8,10.961,6,0,51.025
"195",2012-09-01,2012,9,"PE20",738144,25,51.653,24.5,0,260.025
"196",2012-09-01,2012,9,"PE22",342603,53,232.382,117,1,1083.025
"197",2012-09-01,2012,9,"PE24",87342,21,7.968,4,0,38.025
"198",2012-09-01,2012,9,"PE25",235480,39,262.399,131.5,1,1234.45
"199",2012-10-01,2012,10,"PE16",446868,62,101.43,57,0,448.25
"200",2012-10-01,2012,10,"PE17",61776,49,18.224,10,0,89
"201",2012-10-01,2012,10,"PE20",738144,15,42.736,18,0,221.025
"202",2012-10-01,2012,10,"PE22",342603,27,271.175,139,1,1292
"203",2012-10-01,2012,10,"PE24",87342,4,6.472,4,0,29
"204",2012-10-01,2012,10,"PE25",235480,388,365.608,176,3,1856.2
"205",2012-11-01,2012,11,"PE16",446868,320,165.616,88.5,2,753.475
"206",2012-11-01,2012,11,"PE17",61776,116,37.725,21,0,165.05
"207",2012-11-01,2012,11,"PE20",738144,13,37.477,17,0,194
"208",2012-11-01,2012,11,"PE22",342603,235,330.339,154,2,1901.5
"209",2012-11-01,2012,11,"PE24",87342,6,5.469,2,0,28.025
"210",2012-11-01,2012,11,"PE25",235480,2858,467.025,224.5,3.975,2321.825
"211",2012-12-01,2012,12,"PE16",446868,252,255.609,139.5,2,1140.275
"212",2012-12-01,2012,12,"PE17",61776,84,34.333,19,0,140.025
"213",2012-12-01,2012,12,"PE20",738144,2,42.101,19,0,223.075
"214",2012-12-01,2012,12,"PE22",342603,127,479.93,200,3,2247.175
"215",2012-12-01,2012,12,"PE24",87342,1,4.66,2,0,23
"216",2012-12-01,2012,12,"PE25",235480,1025,1097.681,582.5,9,5412.35
"217",2013-01-01,2013,1,"PE16",446868,152,456.071,226.5,3,2132.8
"218",2013-01-01,2013,1,"PE17",61776,65,31.07,18,0,133
"219",2013-01-01,2013,1,"PE20",738144,3,92.044,43,0,489.05
"220",2013-01-01,2013,1,"PE22",342603,32,346.763,166,2,1958.825
"221",2013-01-01,2013,1,"PE24",87342,0,4.438,2,0,20
"222",2013-01-01,2013,1,"PE25",235480,127,265.988,135.5,1,1286.475
"223",2013-02-01,2013,2,"PE16",446868,217,350.025,181.5,2,1694.7
"224",2013-02-01,2013,2,"PE17",61776,75,22.506,13,0,102.025
"225",2013-02-01,2013,2,"PE20",738144,34,159.734,71.5,1,759.824999999999
"226",2013-02-01,2013,2,"PE22",342603,54,341.872,154,2,1647.125
"227",2013-02-01,2013,2,"PE24",87342,0,7.078,4,0,32
"228",2013-02-01,2013,2,"PE25",235480,59,161.69,83,1,854
"229",2013-03-01,2013,3,"PE16",446868,278,226.967,118,1,1005.05
"230",2013-03-01,2013,3,"PE17",61776,95,19.486,11,0,88.025
"231",2013-03-01,2013,3,"PE20",738144,183,250.721,117.5,1,1268.15
"232",2013-03-01,2013,3,"PE22",342603,83,296.783,134,1,1462.1
"233",2013-03-01,2013,3,"PE24",87342,14,8.254,4,0,39
"234",2013-03-01,2013,3,"PE25",235480,60,96.654,47,0,487.025
"235",2013-04-01,2013,4,"PE16",446868,190,190.12,96,1,907.025
"236",2013-04-01,2013,4,"PE17",61776,94,22.723,13,0,91.025
"237",2013-04-01,2013,4,"PE20",738144,398,397.006,188.5,1.975,1979.1
"238",2013-04-01,2013,4,"PE22",342603,32,206.849,96.5,0.975000000000001,935.05
"239",2013-04-01,2013,4,"PE24",87342,14,11.878,7,0,55
"240",2013-04-01,2013,4,"PE25",235480,40,58.98,26,0,298.025
"241",2013-05-01,2013,5,"PE16",446868,192,131.187,67,1,604
"242",2013-05-01,2013,5,"PE17",61776,72,17.586,10,0,80.0749999999999
"243",2013-05-01,2013,5,"PE20",738144,137,436.462,201,3,2359.575
"244",2013-05-01,2013,5,"PE22",342603,24,173.904,86,1,827.075
"245",2013-05-01,2013,5,"PE24",87342,17,16.565,9,0,72.025
"246",2013-05-01,2013,5,"PE25",235480,2,58.375,27,0,262.175
"247",2013-06-01,2013,6,"PE16",446868,186,82.844,43,0,348.125
"248",2013-06-01,2013,6,"PE17",61776,22,13.633,7,0,64.025
"249",2013-06-01,2013,6,"PE20",738144,51,287.821,127,1,1569.125
"250",2013-06-01,2013,6,"PE22",342603,31,156.749,78,0,855.05
"251",2013-06-01,2013,6,"PE24",87342,19,15.77,8,0,73
"252",2013-06-01,2013,6,"PE25",235480,2,45.479,22,0,228.025
"253",2013-07-01,2013,7,"PE16",446868,97,64.769,37,0,307.175
"254",2013-07-01,2013,7,"PE17",61776,31,8.242,4,0,38
"255",2013-07-01,2013,7,"PE20",738144,0,171.051,79.5,0,864.075
"256",2013-07-01,2013,7,"PE22",342603,26,171.567,79,0,888.125
"257",2013-07-01,2013,7,"PE24",87342,14,10.821,5,0,52.025
"258",2013-07-01,2013,7,"PE25",235480,18,40.567,20,0,196.05
"259",2013-08-01,2013,8,"PE16",446868,126,57.228,32,0,265.025
"260",2013-08-01,2013,8,"PE17",61776,28,5.468,3,0,24.025
"261",2013-08-01,2013,8,"PE20",738144,0,104.394,46,0,554.1
"262",2013-08-01,2013,8,"PE22",342603,53,149.039,76,1,843.525
"263",2013-08-01,2013,8,"PE24",87342,5,7.299,4,0,37.025
"264",2013-08-01,2013,8,"PE25",235480,9,38.43,18,0,198.025
"265",2013-09-01,2013,9,"PE16",446868,107,71.407,38,0,336.025
"266",2013-09-01,2013,9,"PE17",61776,16,8.663,5,0,42.025
"267",2013-09-01,2013,9,"PE20",738144,0,75.078,35,0,367.125
"268",2013-09-01,2013,9,"PE22",342603,30,164.047,71,1,869.549999999999
"269",2013-09-01,2013,9,"PE24",87342,4,5.821,3,0,30
"270",2013-09-01,2013,9,"PE25",235480,7,62.585,33,0,315.025
"271",2013-10-01,2013,10,"PE16",446868,103,114.541,58,0,584.175
"272",2013-10-01,2013,10,"PE17",61776,19,17.596,10,0,84
"273",2013-10-01,2013,10,"PE20",738144,5,58.299,27,0,307.1
"274",2013-10-01,2013,10,"PE22",342603,43,162.47,76,1,863.574999999999
"275",2013-10-01,2013,10,"PE24",87342,5,3.723,2,0,19
"276",2013-10-01,2013,10,"PE25",235480,14,106.446,49.5,1,480.024999999999
"277",2013-11-01,2013,11,"PE16",446868,281,192.384,103,1,895.175
"278",2013-11-01,2013,11,"PE17",61776,69,35.87,21,0,157.05
"279",2013-11-01,2013,11,"PE20",738144,6,55.482,25,0,270.025
"280",2013-11-01,2013,11,"PE22",342603,42,216.59,101,1.975,1201.25
"281",2013-11-01,2013,11,"PE24",87342,3,3.062,1,0,16
"282",2013-11-01,2013,11,"PE25",235480,39,260.241,117,1,1295.475
"283",2013-12-01,2013,12,"PE16",446868,218,286.372,149.5,2,1285.2
"284",2013-12-01,2013,12,"PE17",61776,39,32.181,18.5,0,150
"285",2013-12-01,2013,12,"PE20",738144,2,56.971,28,0,272.225
"286",2013-12-01,2013,12,"PE22",342603,41,264.37,130.5,2,1355.725
"287",2013-12-01,2013,12,"PE24",87342,0,3.119,2,0,15
"288",2013-12-01,2013,12,"PE25",235480,50,347.393,170,2,1657.75
"289",2014-01-01,2014,1,"PE16",446868,454,497.288,270,2,2106.625
"290",2014-01-01,2014,1,"PE17",61776,72,9.89,5,0,44.025
"291",2014-01-01,2014,1,"PE20",738144,1,207.862,98,1,1038.35
"292",2014-01-01,2014,1,"PE22",342603,158,176.508,80.5,0.975000000000001,956.05
"293",2014-01-01,2014,1,"PE24",87342,25,28.136,15,0,134
"294",2014-01-01,2014,1,"PE25",235480,64,279.641,137,1,1468.225
"295",2014-02-01,2014,2,"PE16",446868,560,409.65,235,2,1808.275
"296",2014-02-01,2014,2,"PE17",61776,38,8.475,4,0,43.025
"297",2014-02-01,2014,2,"PE20",738144,5,400.976,201,2,1870.675
"298",2014-02-01,2014,2,"PE22",342603,200,165.111,79,1,914.175
"299",2014-02-01,2014,2,"PE24",87342,18,46.717,25,0,235.15
"300",2014-02-01,2014,2,"PE25",235480,43,205.798,107,1,1069.575
"301",2014-03-01,2014,3,"PE16",446868,364,322.368,158.5,3,1482.375
"302",2014-03-01,2014,3,"PE17",61776,28,7.904,5,0,33
"303",2014-03-01,2014,3,"PE20",738144,68,758.641,378,5,3773.6
"304",2014-03-01,2014,3,"PE22",342603,143,161.209,74,0,739.125
"305",2014-03-01,2014,3,"PE24",87342,23,77.056,43,0,361.075
"306",2014-03-01,2014,3,"PE25",235480,53,113.998,51,0,583.899999999999
"307",2014-04-01,2014,4,"PE16",446868,241,235.24,128,1,1153.575
"308",2014-04-01,2014,4,"PE17",61776,34,7.765,4,0,35
"309",2014-04-01,2014,4,"PE20",738144,76,1411.736,643,6,7497.09999999999
"310",2014-04-01,2014,4,"PE22",342603,32,141.941,72.5,0,701.175
"311",2014-04-01,2014,4,"PE24",87342,21,111.081,58.5,0,490.25
"312",2014-04-01,2014,4,"PE25",235480,20,75.359,37,0,392.175
"313",2014-05-01,2014,5,"PE16",446868,298,154.271,83,1,665.025
"314",2014-05-01,2014,5,"PE17",61776,22,6.615,3,0,30
"315",2014-05-01,2014,5,"PE20",738144,117,1213.245,532,8.975,6041.875
"316",2014-05-01,2014,5,"PE22",342603,11,132.171,56.5,0,658.2
"317",2014-05-01,2014,5,"PE24",87342,49,135.508,70,1,632.1
"318",2014-05-01,2014,5,"PE25",235480,16,55.726,29,0,252.05
"319",2014-06-01,2014,6,"PE16",446868,170,120.576,65.5,1,589.15
"320",2014-06-01,2014,6,"PE17",61776,14,4.916,3,0,23
"321",2014-06-01,2014,6,"PE20",738144,210,649.159,312.5,2,3048.025
"322",2014-06-01,2014,6,"PE22",342603,8,116.683,55,0,596.125
"323",2014-06-01,2014,6,"PE24",87342,55,136.614,77.5,1,621.325
"324",2014-06-01,2014,6,"PE25",235480,16,45.733,23,0,223.075
"325",2014-07-01,2014,7,"PE16",446868,139,90.875,50,0,435.05
"326",2014-07-01,2014,7,"PE17",61776,5,3.627,2,0,17
"327",2014-07-01,2014,7,"PE20",738144,130,363.89,183,3,1908.65
"328",2014-07-01,2014,7,"PE22",342603,7,117.763,54.5,0,641.075
"329",2014-07-01,2014,7,"PE24",87342,91,75.349,41,0,355.075
"330",2014-07-01,2014,7,"PE25",235480,24,45.229,22,0,224.1
"331",2014-08-01,2014,8,"PE16",446868,105,81.413,46,0.975000000000001,381.025
"332",2014-08-01,2014,8,"PE17",61776,5,2.574,1,0,13
"333",2014-08-01,2014,8,"PE20",738144,150,205.784,89,1,1130.325
"334",2014-08-01,2014,8,"PE22",342603,7,124.846,57,0,534.25
"335",2014-08-01,2014,8,"PE24",87342,87,53.917,30,0,239.05
"336",2014-08-01,2014,8,"PE25",235480,20,39.11,20,0,193.025
"337",2014-09-01,2014,9,"PE16",446868,165,84.1,46,0,402.325
"338",2014-09-01,2014,9,"PE17",61776,8,3.163,2,0,14
"339",2014-09-01,2014,9,"PE20",738144,86,137.572,64,1,770.075
"340",2014-09-01,2014,9,"PE22",342603,8,99.78,46,0,549.699999999999
"341",2014-09-01,2014,9,"PE24",87342,60,38.714,21,0,175.025
"342",2014-09-01,2014,9,"PE25",235480,66,56.927,30,0,271.075
"343",2014-10-01,2014,10,"PE16",446868,288,128.979,63,1,632.175
"344",2014-10-01,2014,10,"PE17",61776,8,6.469,4,0,28
"345",2014-10-01,2014,10,"PE20",738144,51,117.662,57,0,584.125
"346",2014-10-01,2014,10,"PE22",342603,2,107.397,53,0,529.774999999999
"347",2014-10-01,2014,10,"PE24",87342,34,27.509,14,0,140.025
"348",2014-10-01,2014,10,"PE25",235480,76,110.048,54,0,500.275
"349",2014-11-01,2014,11,"PE16",446868,301,251.117,128,1,1157.275
"350",2014-11-01,2014,11,"PE17",61776,13,14.842,9,0,64
"351",2014-11-01,2014,11,"PE20",738144,22,130.338,62,0,705.425
"352",2014-11-01,2014,11,"PE22",342603,12,155.077,74.5,0.975000000000001,875.574999999999
"353",2014-11-01,2014,11,"PE24",87342,62,19.226,10,0,87.025
"354",2014-11-01,2014,11,"PE25",235480,158,245.63,125.5,1,1224.25
"355",2014-12-01,2014,12,"PE16",446868,204,371.97,213,2.975,1633.25
"356",2014-12-01,2014,12,"PE17",61776,6,13.344,7,0,58.025
"357",2014-12-01,2014,12,"PE20",738144,14,134.414,67,0,600.075
"358",2014-12-01,2014,12,"PE22",342603,18,188.821,93,0,974.525
"359",2014-12-01,2014,12,"PE24",87342,57,14.417,8,0,68.05
"360",2014-12-01,2014,12,"PE25",235480,94,345.837,161,3,1632.425
"361",2015-01-01,2015,1,"PE16",446868,205,85.15,46,0,350.275
"362",2015-01-01,2015,1,"PE17",61776,13,12.176,7,0,55.025
"363",2015-01-01,2015,1,"PE20",738144,98,572.881,269.5,3,2886.1
"364",2015-01-01,2015,1,"PE22",342603,13,56.591,24,0,296.1
"365",2015-01-01,2015,1,"PE24",87342,147,54.911,29,0,248.275
"366",2015-01-01,2015,1,"PE25",235480,43,132.347,61,0,696.674999999999
"367",2015-02-01,2015,2,"PE16",446868,139,76.962,42,0,362.025
"368",2015-02-01,2015,2,"PE17",61776,17,8.623,4,0,42
"369",2015-02-01,2015,2,"PE20",738144,197,1175.822,520.5,6,5799.025
"370",2015-02-01,2015,2,"PE22",342603,7,65.342,30,0,412.125
"371",2015-02-01,2015,2,"PE24",87342,200,95.278,55,0,449
"372",2015-02-01,2015,2,"PE25",235480,18,80.478,39,0,401
"373",2015-03-01,2015,3,"PE16",446868,92,58.337,29,0,283.05
"374",2015-03-01,2015,3,"PE17",61776,20,8.138,4,0,37
"375",2015-03-01,2015,3,"PE20",738144,410,2197.952,1066.5,8,11005.175
"376",2015-03-01,2015,3,"PE22",342603,5,57.519,25,0,294.05
"377",2015-03-01,2015,3,"PE24",87342,288,146.193,77.5,0.975000000000001,685.949999999999
"378",2015-03-01,2015,3,"PE25",235480,8,54.011,27,0,253.025
"379",2015-04-01,2015,4,"PE16",446868,57,44.553,23,0,201.05
"380",2015-04-01,2015,4,"PE17",61776,42,6.972,4,0,32
"381",2015-04-01,2015,4,"PE20",738144,1439,3420.742,1579,10.975,16776.35
"382",2015-04-01,2015,4,"PE22",342603,5,42.473,19,0,224
"383",2015-04-01,2015,4,"PE24",87342,412,194.822,107,0.975000000000001,936.999999999999
"384",2015-04-01,2015,4,"PE25",235480,5,32.647,14,0,182.025
"385",2015-05-01,2015,5,"PE16",446868,46,32.909,18,0,157
"386",2015-05-01,2015,5,"PE17",61776,31,5.696,3,0,25
"387",2015-05-01,2015,5,"PE20",738144,2483,2615.891,1149.5,18.975,13767.125
"388",2015-05-01,2015,5,"PE22",342603,7,34.669,15,0,181.25
"389",2015-05-01,2015,5,"PE24",87342,670,247.607,133,2,1239.275
"390",2015-05-01,2015,5,"PE25",235480,8,22.416,10,0,120.05
"391",2015-06-01,2015,6,"PE16",446868,14,25.724,15,0,120.05
"392",2015-06-01,2015,6,"PE17",61776,18,4.191,2,0,19
"393",2015-06-01,2015,6,"PE20",738144,1391,1680.432,747,7,8616.325
"394",2015-06-01,2015,6,"PE22",342603,4,32.556,14,0,159.025
"395",2015-06-01,2015,6,"PE24",87342,365,260.033,143,1,1182.25
"396",2015-06-01,2015,6,"PE25",235480,7,19.8,10,0,99.05
"397",2015-07-01,2015,7,"PE16",446868,7,19.627,10,0,94.0749999999999
"398",2015-07-01,2015,7,"PE17",61776,2,3.793,2,0,18
"399",2015-07-01,2015,7,"PE20",738144,421,1013.076,459,6,5212.65
"400",2015-07-01,2015,7,"PE22",342603,3,31.442,13.5,0,168.2
"401",2015-07-01,2015,7,"PE24",87342,136,215.431,123.5,2,957.1
"402",2015-07-01,2015,7,"PE25",235480,11,17.823,9,0,91
"403",2015-08-01,2015,8,"PE16",446868,20,14.646,8,0,65.05
"404",2015-08-01,2015,8,"PE17",61776,7,2.122,1,0,11
"405",2015-08-01,2015,8,"PE20",738144,265,671.586,313,2,3113.675
"406",2015-08-01,2015,8,"PE22",342603,1,34.691,14,0,177.15
"407",2015-08-01,2015,8,"PE24",87342,77,130.221,69,1,555.025
"408",2015-08-01,2015,8,"PE25",235480,10,16.905,8,0,85.05
"409",2015-09-01,2015,9,"PE16",446868,16,18.785,11,0,82
"410",2015-09-01,2015,9,"PE17",61776,9,2.805,2,0,14
"411",2015-09-01,2015,9,"PE20",738144,140,453.366,215,3,2369.325
"412",2015-09-01,2015,9,"PE22",342603,1,28.936,14,0,149.075
"413",2015-09-01,2015,9,"PE24",87342,59,99.574,51,0.975000000000001,474.525
"414",2015-09-01,2015,9,"PE25",235480,7,27.144,14,0,157.025
"415",2015-10-01,2015,10,"PE16",446868,36,29.549,15,0,136.1
"416",2015-10-01,2015,10,"PE17",61776,16,6.004,3,0,29
"417",2015-10-01,2015,10,"PE20",738144,102,410.447,195.5,3,2242.95
"418",2015-10-01,2015,10,"PE22",342603,2,30.399,14,0,152.075
"419",2015-10-01,2015,10,"PE24",87342,48,73.888,42.5,0,341
"420",2015-10-01,2015,10,"PE25",235480,8,50.763,26,0,248.075
"421",2015-11-01,2015,11,"PE16",446868,33,54.67,32,0,268.1
"422",2015-11-01,2015,11,"PE17",61776,16,13.389,7,0,60
"423",2015-11-01,2015,11,"PE20",738144,37,332.94,164.5,2,1673.65
"424",2015-11-01,2015,11,"PE22",342603,2,46.976,21,0,250.25
"425",2015-11-01,2015,11,"PE24",87342,9,64.178,35,0,288.05
"426",2015-11-01,2015,11,"PE25",235480,6,121.026,58.5,1,665.125
"427",2015-12-01,2015,12,"PE16",446868,22,80.956,42.5,0,353.3
"428",2015-12-01,2015,12,"PE17",61776,44,9.568,6,0,42.025
"429",2015-12-01,2015,12,"PE20",738144,36,414.659,185.5,2,2275.525
"430",2015-12-01,2015,12,"PE22",342603,5,56.055,24,0,301.175
"431",2015-12-01,2015,12,"PE24",87342,11,52.666,28,0,238
"432",2015-12-01,2015,12,"PE25",235480,5,172.343,86,1,927.025
"433",2016-01-01,2016,1,"PE16",446868,37,117.349,64,0,528.175
"434",2016-01-01,2016,1,"PE17",61776,44,3.077,2,0,14
"435",2016-01-01,2016,1,"PE20",738144,119,410.06,196,1,2124.075
"436",2016-01-01,2016,1,"PE22",342603,7,73.591,35,0,369.1
"437",2016-01-01,2016,1,"PE24",87342,12,15.56,8,0,71
"438",2016-01-01,2016,1,"PE25",235480,60,189.632,89.5,0,917.35
"439",2016-02-01,2016,2,"PE16",446868,83,93.265,46.5,0,451.1
"440",2016-02-01,2016,2,"PE17",61776,13,3.852,2,0,18.025
"441",2016-02-01,2016,2,"PE20",738144,257,817.088,360.5,4,3994.25
"442",2016-02-01,2016,2,"PE22",342603,5,73.561,30,0,430.1
"443",2016-02-01,2016,2,"PE24",87342,19,27.861,14,0,135.025
"444",2016-02-01,2016,2,"PE25",235480,79,111.347,60,0,543.025
"445",2016-03-01,2016,3,"PE16",446868,124,62.33,35,0,292.2
"446",2016-03-01,2016,3,"PE17",61776,12,3.58,2,0,17
"447",2016-03-01,2016,3,"PE20",738144,308,1671.348,825.5,16.975,7953.87499999999
"448",2016-03-01,2016,3,"PE22",342603,8,58.379,27,0,311.025
"449",2016-03-01,2016,3,"PE24",87342,20,38.848,20,0,182.025
"450",2016-03-01,2016,3,"PE25",235480,57,67.776,33,0,326.075
"451",2016-04-01,2016,4,"PE16",446868,122,42.585,23,0,193.1
"452",2016-04-01,2016,4,"PE17",61776,17,3.287,2,0,16
"453",2016-04-01,2016,4,"PE20",738144,579,2759.058,1297,17.975,14245.35
"454",2016-04-01,2016,4,"PE22",342603,8,43.333,21.5,0,207.05
"455",2016-04-01,2016,4,"PE24",87342,64,50.205,26,0,238.025
"456",2016-04-01,2016,4,"PE25",235480,38,40.063,19,0,197.075
"457",2016-05-01,2016,5,"PE16",446868,54,35.227,20,0,166.025
"458",2016-05-01,2016,5,"PE17",61776,8,2.996,2,0,14
"459",2016-05-01,2016,5,"PE20",738144,484,2426.772,1099,12,12829.65
"460",2016-05-01,2016,5,"PE22",342603,6,38.052,17,0,197.025
"461",2016-05-01,2016,5,"PE24",87342,69,70.242,34,0,332.325
"462",2016-05-01,2016,5,"PE25",235480,23,35.705,19,0,162.175
"463",2016-06-01,2016,6,"PE16",446868,24,26.509,15,0,116
"464",2016-06-01,2016,6,"PE17",61776,3,2.268,1,0,11
"465",2016-06-01,2016,6,"PE20",738144,347,1526.511,711.5,10,8186.94999999999
"466",2016-06-01,2016,6,"PE22",342603,5,35.14,17,0,192.075
"467",2016-06-01,2016,6,"PE24",87342,59,70.257,38,0,362.05
"468",2016-06-01,2016,6,"PE25",235480,23,29.161,14.5,0,138.125
"469",2016-07-01,2016,7,"PE16",446868,35,17.384,8,0,84.025
"470",2016-07-01,2016,7,"PE17",61776,5,1.33,1,0,7.02499999999998
"471",2016-07-01,2016,7,"PE20",738144,194,949.31,449.5,3,5107.7
"472",2016-07-01,2016,7,"PE22",342603,16,28.958,14,0,140
"473",2016-07-01,2016,7,"PE24",87342,49,49.56,25,0,243.05
"474",2016-07-01,2016,7,"PE25",235480,16,28.799,14,0,142.05
"475",2016-08-01,2016,8,"PE16",446868,27,16.81,9,0,85.05
"476",2016-08-01,2016,8,"PE17",61776,1,1.153,0,0,6
"477",2016-08-01,2016,8,"PE20",738144,88,552.488,253,2,2840.525
"478",2016-08-01,2016,8,"PE22",342603,6,32.624,15,0,184.125
"479",2016-08-01,2016,8,"PE24",87342,24,28.956,16,0,135.05
"480",2016-08-01,2016,8,"PE25",235480,4,32.253,16,0,154.1
"481",2016-09-01,2016,9,"PE16",446868,22,18.895,11,0,99.025
"482",2016-09-01,2016,9,"PE17",61776,3,1.395,1,0,7
"483",2016-09-01,2016,9,"PE20",738144,56,350.755,162.5,2,1962.675
"484",2016-09-01,2016,9,"PE22",342603,7,27.847,14,0,141.025
"485",2016-09-01,2016,9,"PE24",87342,34,21.855,11,0,105
"486",2016-09-01,2016,9,"PE25",235480,9,44.498,21.5,0,240.1
"487",2016-10-01,2016,10,"PE16",446868,46,28.413,15,0,127.025
"488",2016-10-01,2016,10,"PE17",61776,2,2.66,1,0,13
"489",2016-10-01,2016,10,"PE20",738144,57,299.592,133.5,1,1731.35
"490",2016-10-01,2016,10,"PE22",342603,4,35.746,16,0,175.025
"491",2016-10-01,2016,10,"PE24",87342,21,14.724,8,0,70.05
"492",2016-10-01,2016,10,"PE25",235480,15,80.36,39,0,394
"493",2016-11-01,2016,11,"PE16",446868,58,56.046,29.5,0,255.025
"494",2016-11-01,2016,11,"PE17",61776,4,5.759,3,0,26
"495",2016-11-01,2016,11,"PE20",738144,42,282.82,130.5,2,1387.65
"496",2016-11-01,2016,11,"PE22",342603,18,41.705,18,0,220.025
"497",2016-11-01,2016,11,"PE24",87342,6,14.8,8,0,72
"498",2016-11-01,2016,11,"PE25",235480,28,201.616,100,0.975000000000001,1075.35
"499",2016-12-01,2016,12,"PE16",446868,32,88.472,48.5,0,428.175
"500",2016-12-01,2016,12,"PE17",61776,5,5.691,3,0,26.025
"501",2016-12-01,2016,12,"PE20",738144,39,290.99,142,2,1490.025
"502",2016-12-01,2016,12,"PE22",342603,9,60.55,28,0,307.15
"503",2016-12-01,2016,12,"PE24",87342,1,12.796,7,0,62
"504",2016-12-01,2016,12,"PE25",235480,58,259.161,122,1,1371.1
"505",2017-01-01,2017,1,"PE16",446868,54,84.897,44,0,379.075
"506",2017-01-01,2017,1,"PE17",61776,7,10.35,6,0,50.025
"507",2017-01-01,2017,1,"PE20",738144,85,588.801,291,3.975,2950.875
"508",2017-01-01,2017,1,"PE22",342603,24,67.054,32,0,354.075
"509",2017-01-01,2017,1,"PE24",87342,23,28.467,15,0,136.05
"510",2017-01-01,2017,1,"PE25",235480,101,102.907,48.5,0,501.1
"511",2017-02-01,2017,2,"PE16",446868,30,66.971,37,0,333.05
"512",2017-02-01,2017,2,"PE17",61776,8,7.394,4,0,34
"513",2017-02-01,2017,2,"PE20",738144,309,1010.297,507.5,5,4778.675
"514",2017-02-01,2017,2,"PE22",342603,15,69.209,34,0,393.624999999999
"515",2017-02-01,2017,2,"PE24",87342,37,48.494,25,0,247.025
"516",2017-02-01,2017,2,"PE25",235480,48,71.537,34.5,0,353.1
"517",2017-03-01,2017,3,"PE16",446868,21,52.728,30,0,233.125
"518",2017-03-01,2017,3,"PE17",61776,6,7.195,4,0,33
"519",2017-03-01,2017,3,"PE20",738144,1153,1860.674,897.5,10,9476.1
"520",2017-03-01,2017,3,"PE22",342603,19,63.766,28,0,357.1
"521",2017-03-01,2017,3,"PE24",87342,79,70.978,40,0,338.025
"522",2017-03-01,2017,3,"PE25",235480,24,42.184,22,0,203.1
"523",2017-04-01,2017,4,"PE16",446868,21,35.56,18,0,162.075
"524",2017-04-01,2017,4,"PE17",61776,9,6.848,4,0,32.025
"525",2017-04-01,2017,4,"PE20",738144,5337,2405.398,1286.5,13.975,12035.75
"526",2017-04-01,2017,4,"PE22",342603,12,42.024,18,0,216
"527",2017-04-01,2017,4,"PE24",87342,433,69.405,38,0,306.025
"528",2017-04-01,2017,4,"PE25",235480,14,29.448,15,0,131.125
"529",2017-05-01,2017,5,"PE16",446868,18,29.828,17,0,150.125
"530",2017-05-01,2017,5,"PE17",61776,8,5.148,3,0,26.025
"531",2017-05-01,2017,5,"PE20",738144,3365,2383.881,1123.5,18.975,11189.225
"532",2017-05-01,2017,5,"PE22",342603,16,35.043,18,0,177.05
"533",2017-05-01,2017,5,"PE24",87342,300,111.514,63,1,502.225
"534",2017-05-01,2017,5,"PE25",235480,4,24.518,12,0,123.1
"535",2017-06-01,2017,6,"PE16",446868,9,21.844,12,0,102.025
"536",2017-06-01,2017,6,"PE17",61776,15,3.34,2,0,16
"537",2017-06-01,2017,6,"PE20",738144,1219,1751.445,883.5,17.975,8463.075
"538",2017-06-01,2017,6,"PE22",342603,15,32.538,15,0,185.1
"539",2017-06-01,2017,6,"PE24",87342,218,117.109,70,0,590.025
"540",2017-06-01,2017,6,"PE25",235480,6,19.212,10,0,89.025
"541",2017-07-01,2017,7,"PE16",446868,22,12.989,7,0,56.025
"542",2017-07-01,2017,7,"PE17",61776,17,1.997,1,0,10
"543",2017-07-01,2017,7,"PE20",738144,429,946.826,473,6.95,4435.775
"544",2017-07-01,2017,7,"PE22",342603,13,33.194,16,0,166.2
"545",2017-07-01,2017,7,"PE24",87342,95,91.32,49,0,423
"546",2017-07-01,2017,7,"PE25",235480,8,18.684,9,0,91
"547",2017-08-01,2017,8,"PE16",446868,8,12.811,7,0,62
"548",2017-08-01,2017,8,"PE17",61776,4,1.913,1,0,9
"549",2017-08-01,2017,8,"PE20",738144,95,752.956,371,6.975,3603.725
"550",2017-08-01,2017,8,"PE22",342603,9,33.857,16,0,188.1
"551",2017-08-01,2017,8,"PE24",87342,34,65.282,35,0,304
"552",2017-08-01,2017,8,"PE25",235480,1,19.16,10,0,96
"553",2017-09-01,2017,9,"PE16",446868,24,12.785,7,0,59.025
"554",2017-09-01,2017,9,"PE17",61776,15,2.044,1,0,10
"555",2017-09-01,2017,9,"PE20",738144,77,560.66,251,4,2806.55
"556",2017-09-01,2017,9,"PE22",342603,4,33.472,16,0,175.275
"557",2017-09-01,2017,9,"PE24",87342,51,44.643,23,0,213.1
"558",2017-09-01,2017,9,"PE25",235480,5,26.134,14,0,130.075
"559",2017-10-01,2017,10,"PE16",446868,29,20.799,11,0,95.1249999999999
"560",2017-10-01,2017,10,"PE17",61776,9,4.964,3,0,23
"561",2017-10-01,2017,10,"PE20",738144,37,399.462,217,3,1989.225
"562",2017-10-01,2017,10,"PE22",342603,1,36.593,17,0,167.125
"563",2017-10-01,2017,10,"PE24",87342,30,31.044,15,0,153.075
"564",2017-10-01,2017,10,"PE25",235480,18,48.989,24,0,241.2
"565",2017-11-01,2017,11,"PE16",446868,137,29.864,16,0,151.05
"566",2017-11-01,2017,11,"PE17",61776,30,9.232,5,0,42.05
"567",2017-11-01,2017,11,"PE20",738144,40,386.386,179,1,1963
"568",2017-11-01,2017,11,"PE22",342603,2,49.095,23,0,259
"569",2017-11-01,2017,11,"PE24",87342,22,25.484,13,0,113
"570",2017-11-01,2017,11,"PE25",235480,20,103.352,51,0,527.15
"571",2017-12-01,2017,12,"PE16",446868,88,47.518,28,0,207.05
"572",2017-12-01,2017,12,"PE17",61776,39,7.019,4,0,31.025
"573",2017-12-01,2017,12,"PE20",738144,42,422.841,190.5,2.975,1900.25
"574",2017-12-01,2017,12,"PE22",342603,1,62.176,28.5,0,321.025
"575",2017-12-01,2017,12,"PE24",87342,0,23.396,11,0,107.025
"576",2017-12-01,2017,12,"PE25",235480,54,139.792,72,1,677.025
"577",2018-01-01,2018,1,"PE16",446868,51,130.603,66,0,581.05
"578",2018-01-01,2018,1,"PE17",61776,85,11.57,6,0,51.05
"579",2018-01-01,2018,1,"PE20",738144,15,47.891,22,0,279.1
"580",2018-01-01,2018,1,"PE22",342603,1,61.984,25,0,336
"581",2018-01-01,2018,1,"PE24",87342,1,1.623,1,0,9
"582",2018-01-01,2018,1,"PE25",235480,35,49.534,24,0,234.025
"583",2018-02-01,2018,2,"PE16",446868,78,104.829,55.5,0,459.225
"584",2018-02-01,2018,2,"PE17",61776,60,9.704,6,0,42
"585",2018-02-01,2018,2,"PE20",738144,28,88.118,43,0,446.35
"586",2018-02-01,2018,2,"PE22",342603,2,54.88,24,0,272
"587",2018-02-01,2018,2,"PE24",87342,8,1.67,1,0,10
"588",2018-02-01,2018,2,"PE25",235480,25,31.901,16,0,149.075
"589",2018-03-01,2018,3,"PE16",446868,72,82.859,47,0,385.075
"590",2018-03-01,2018,3,"PE17",61776,65,9.283,5,0,42
"591",2018-03-01,2018,3,"PE20",738144,33,201.785,88,1,1210.525
"592",2018-03-01,2018,3,"PE22",342603,4,48.245,20,0,279.05
"593",2018-03-01,2018,3,"PE24",87342,0,4.738,2,0,26
"594",2018-03-01,2018,3,"PE25",235480,4,23.164,12,0,106.025
"595",2018-04-01,2018,4,"PE16",446868,75,60.706,31,0,297.05
"596",2018-04-01,2018,4,"PE17",61776,36,10.942,6,0,50.025
"597",2018-04-01,2018,4,"PE20",738144,73,343.751,137,1,2079.275
"598",2018-04-01,2018,4,"PE22",342603,5,31.613,13.5,0,182.125
"599",2018-04-01,2018,4,"PE24",87342,0,6.838,3.5,0,32
"600",2018-04-01,2018,4,"PE25",235480,5,14.484,6,0,78.0749999999999
"601",2018-05-01,2018,5,"PE16",446868,76,37.957,20,0,187.05
"602",2018-05-01,2018,5,"PE17",61776,11,8.511,5,0,40.025
"603",2018-05-01,2018,5,"PE20",738144,30,308.295,142,2,1531.85
"604",2018-05-01,2018,5,"PE22",342603,5,26.721,12,0,143.1
"605",2018-05-01,2018,5,"PE24",87342,0,7.974,4,0,36.025
"606",2018-05-01,2018,5,"PE25",235480,4,10.862,6,0,50.025
"607",2018-06-01,2018,6,"PE16",446868,58,26.905,15,0,127.05
"608",2018-06-01,2018,6,"PE17",61776,6,6.867,4,0,31.025
"609",2018-06-01,2018,6,"PE20",738144,15,208.622,92.5,0.975000000000001,1159.75
"610",2018-06-01,2018,6,"PE22",342603,0,28.92,13,0,159.175
"611",2018-06-01,2018,6,"PE24",87342,3,8.069,4,0,40.025
"612",2018-06-01,2018,6,"PE25",235480,5,8.436,4,0,44.025
"613",2018-07-01,2018,7,"PE16",446868,20,22.362,12,0,111
"614",2018-07-01,2018,7,"PE17",61776,5,4.611,2,0,24
"615",2018-07-01,2018,7,"PE20",738144,3,124.504,51,0,705.4
"616",2018-07-01,2018,7,"PE22",342603,3,27.664,12,0,142.025
"617",2018-07-01,2018,7,"PE24",87342,1,5.253,3,0,28.025
"618",2018-07-01,2018,7,"PE25",235480,5,8.248,4,0,45
"619",2018-08-01,2018,8,"PE16",446868,12,19.834,12,0,91
"620",2018-08-01,2018,8,"PE17",61776,4,3.416,2,0,18
"621",2018-08-01,2018,8,"PE20",738144,3,72.613,31,0,430.2
"622",2018-08-01,2018,8,"PE22",342603,1,27.701,11,0,153.025
"623",2018-08-01,2018,8,"PE24",87342,3,3.396,2,0,17
"624",2018-08-01,2018,8,"PE25",235480,2,8.411,4,0,43.05
"625",2018-09-01,2018,9,"PE16",446868,44,22.18,13,0,97
"626",2018-09-01,2018,9,"PE17",61776,8,4.303,2,0,21.025
"627",2018-09-01,2018,9,"PE20",738144,2,40.117,19,0,215
"628",2018-09-01,2018,9,"PE22",342603,0,26.5,11,0,153.075
"629",2018-09-01,2018,9,"PE24",87342,3,2.415,1,0,11.025
"630",2018-09-01,2018,9,"PE25",235480,5,12.493,6,0,63
"631",2018-10-01,2018,10,"PE16",446868,43,32.57,16.5,0,156
"632",2018-10-01,2018,10,"PE17",61776,10,8.704,5,0,40.025
"633",2018-10-01,2018,10,"PE20",738144,5,36.741,17,0,187.125
"634",2018-10-01,2018,10,"PE22",342603,1,26.905,12,0,139
"635",2018-10-01,2018,10,"PE24",87342,1,1.828,1,0,10
"636",2018-10-01,2018,10,"PE25",235480,4,26.157,13,0,141.05
"637",2018-11-01,2018,11,"PE16",446868,89,64.362,37.5,0,271.275
"638",2018-11-01,2018,11,"PE17",61776,12,18.521,11,0,77.0749999999999
"639",2018-11-01,2018,11,"PE20",738144,2,30.099,14,0,164.05
"640",2018-11-01,2018,11,"PE22",342603,1,39.465,18,0,191.15
"641",2018-11-01,2018,11,"PE24",87342,0,1.598,1,0,9
"642",2018-11-01,2018,11,"PE25",235480,0,52.746,25,0,261.025
"643",2018-12-01,2018,12,"PE16",446868,129,83.114,47,0,407
"644",2018-12-01,2018,12,"PE17",61776,27,14.479,9,0,62.025
"645",2018-12-01,2018,12,"PE20",738144,4,30.83,14,0,149.025
"646",2018-12-01,2018,12,"PE22",342603,1,48.569,22,0,245.225
"647",2018-12-01,2018,12,"PE24",87342,0,1.314,0,0,7
"648",2018-12-01,2018,12,"PE25",235480,0,73.559,35,0,358.05
"649",2019-01-01,2019,1,"PE16",446868,208,133.772,75,0,637.125
"650",2019-01-01,2019,1,"PE17",61776,36,136.795,74,1,661.075
"651",2019-01-01,2019,1,"PE20",738144,0,20.456,10,0,105.025
"652",2019-01-01,2019,1,"PE22",342603,6,251.833,128.5,2,1409.275
"653",2019-01-01,2019,1,"PE24",87342,0,9.603,5,0,42.05
"654",2019-01-01,2019,1,"PE25",235480,1,36.086,17,0,179.3
"655",2019-02-01,2019,2,"PE16",446868,85,107.896,58,0,509
"656",2019-02-01,2019,2,"PE17",61776,51,100.885,60,1,457.05
"657",2019-02-01,2019,2,"PE20",738144,2,39.156,17.5,0,201.125
"658",2019-02-01,2019,2,"PE22",342603,19,255.768,122.5,1,1253.05
"659",2019-02-01,2019,2,"PE24",87342,0,14.78,8,0,71.025
"660",2019-02-01,2019,2,"PE25",235480,2,22.236,11,0,105
"661",2019-03-01,2019,3,"PE16",446868,113,92.748,51,0,440.025
"662",2019-03-01,2019,3,"PE17",61776,59,95.62,56,1,430.525
"663",2019-03-01,2019,3,"PE20",738144,5,80.562,37,0,413.1
"664",2019-03-01,2019,3,"PE22",342603,21,215.467,107,1,1139.025
"665",2019-03-01,2019,3,"PE24",87342,5,22.285,11,0,109.1
"666",2019-03-01,2019,3,"PE25",235480,4,13.081,6,0,63.025
"667",2019-04-01,2019,4,"PE16",446868,107,60.634,32,0,308.25
"668",2019-04-01,2019,4,"PE17",61776,80,90.895,52,0,401.05
"669",2019-04-01,2019,4,"PE20",738144,2,144.968,65,0,795.175
"670",2019-04-01,2019,4,"PE22",342603,12,178.745,79,1,929.15
"671",2019-04-01,2019,4,"PE24",87342,5,30.996,15,0,153.05
"672",2019-04-01,2019,4,"PE25",235480,1,9.052,4,0,48.025
"673",2019-05-01,2019,5,"PE16",446868,32,44.9,26,0,220.05
"674",2019-05-01,2019,5,"PE17",61776,81,69.373,38,0,307.05
"675",2019-05-01,2019,5,"PE20",738144,3,141.245,59,0,726.2
"676",2019-05-01,2019,5,"PE22",342603,31,146.8,65,0.975000000000001,764.325
"677",2019-05-01,2019,5,"PE24",87342,28,37.632,19,0,177.05
"678",2019-05-01,2019,5,"PE25",235480,0,7.189,4,0,34.025
"679",2019-06-01,2019,6,"PE16",446868,34,31.799,16.5,0,141.05
"680",2019-06-01,2019,6,"PE17",61776,60,49.396,28,0,205.1
"681",2019-06-01,2019,6,"PE20",738144,4,84.303,37,0,446.475
"682",2019-06-01,2019,6,"PE22",342603,29,118.174,57,0,584.15
"683",2019-06-01,2019,6,"PE24",87342,47,34.94,20,0,151.05
"684",2019-06-01,2019,6,"PE25",235480,2,5.769,3,0,31.025
"685",2019-07-01,2019,7,"PE16",446868,11,25.741,14,0,130.075
"686",2019-07-01,2019,7,"PE17",61776,46,35.02,19,0,158.125
"687",2019-07-01,2019,7,"PE20",738144,3,51.127,22,0,296
"688",2019-07-01,2019,7,"PE22",342603,26,125.374,57.5,0,625
"689",2019-07-01,2019,7,"PE24",87342,23,24.475,13,0,123
"690",2019-07-01,2019,7,"PE25",235480,0,5.648,3,0,27.025
"691",2019-08-01,2019,8,"PE16",446868,31,20.708,11,0,89
"692",2019-08-01,2019,8,"PE17",61776,65,23.009,13,0,107.05
"693",2019-08-01,2019,8,"PE20",738144,0,30.265,13,0,153.075
"694",2019-08-01,2019,8,"PE22",342603,40,121.399,58,1,587
"695",2019-08-01,2019,8,"PE24",87342,35,14.88,8,0,72
"696",2019-08-01,2019,8,"PE25",235480,0,5.617,2,0,29.05
"697",2019-09-01,2019,9,"PE16",446868,6,28.474,14,0,137.05
"698",2019-09-01,2019,9,"PE17",61776,86,27.797,16,0,125.075
"699",2019-09-01,2019,9,"PE20",738144,1,19.083,8,0,102.075
"700",2019-09-01,2019,9,"PE22",342603,24,98.905,52,0,479.25
"701",2019-09-01,2019,9,"PE24",87342,20,11.253,7,0,49.05
"702",2019-09-01,2019,9,"PE25",235480,0,8.263,4,0,41
"703",2019-10-01,2019,10,"PE16",446868,37,35.04,20,0,163.025
"704",2019-10-01,2019,10,"PE17",61776,256,49.916,29.5,0,217.075
"705",2019-10-01,2019,10,"PE20",738144,1,15.259,6,0,83.0749999999999
"706",2019-10-01,2019,10,"PE22",342603,44,119.008,50,0,650.15
"707",2019-10-01,2019,10,"PE24",87342,13,7.907,4,0,35.025
"708",2019-10-01,2019,10,"PE25",235480,7,12.758,7,0,61.1249999999999
"709",2019-11-01,2019,11,"PE16",446868,125,67.244,40,0,306.075
"710",2019-11-01,2019,11,"PE17",61776,1278,75.901,41.5,0,340
"711",2019-11-01,2019,11,"PE20",738144,1,13.882,6,0,75
"712",2019-11-01,2019,11,"PE22",342603,190,122.303,64,0,592.075
"713",2019-11-01,2019,11,"PE24",87342,12,6.486,3,0,30
"714",2019-11-01,2019,11,"PE25",235480,19,25.192,12,0,121.05
"715",2019-12-01,2019,12,"PE16",446868,310,72.004,40,0,311.075
"716",2019-12-01,2019,12,"PE17",61776,763,75.08,42,0,343.225
"717",2019-12-01,2019,12,"PE20",738144,2,11.944,5,0,68
"718",2019-12-01,2019,12,"PE22",342603,284,137.403,64,1,642.049999999999
"719",2019-12-01,2019,12,"PE24",87342,17,4.252,2,0,21
"720",2019-12-01,2019,12,"PE25",235480,49,28.727,12,0,148.175
