"","Date","Year","Month","ADM1_PCODE","PopTotal","cases_total","pred.mean","pred.median","pred.lci","pred.uci"
"1",2010-01-01,2010,1,"PE16",981899,159,362.688,177.5,2,1840.125
"2",2010-01-01,2010,1,"PE17",161203,149,131.538,72.5,0,579.175
"3",2010-01-01,2010,1,"PE20",1929969,224,324.704,156,0.975000000000001,1773.05
"4",2010-01-01,2010,1,"PE22",862467,61,397.143,160,2,2175.85
"5",2010-01-01,2010,1,"PE24",234701,54,31.397,17,0,149.15
"6",2010-01-01,2010,1,"PE25",548999,32,141.425,64,0,655.674999999999
"7",2010-02-01,2010,2,"PE16",981899,134,325.1,159.5,1,1623.475
"8",2010-02-01,2010,2,"PE17",161203,105,97.145,54,0,421.05
"9",2010-02-01,2010,2,"PE20",1929969,405,633.232,318,2,3259.675
"10",2010-02-01,2010,2,"PE22",862467,24,400.925,174,1,2204.4
"11",2010-02-01,2010,2,"PE24",234701,120,46.67,23.5,0,219.075
"12",2010-02-01,2010,2,"PE25",548999,19,95.027,45,0,527.025
"13",2010-03-01,2010,3,"PE16",981899,84,250.558,127,1,1214
"14",2010-03-01,2010,3,"PE17",161203,141,94.619,53,0,421.175
"15",2010-03-01,2010,3,"PE20",1929969,1483,1077.257,531.5,3.975,5027.375
"16",2010-03-01,2010,3,"PE22",862467,57,354.642,147.5,1,1827.475
"17",2010-03-01,2010,3,"PE24",234701,171,71.931,39,0,349
"18",2010-03-01,2010,3,"PE25",548999,3,68.482,30,0,366.2
"19",2010-04-01,2010,4,"PE16",981899,79,181.87,88,0,896.125
"20",2010-04-01,2010,4,"PE17",161203,162,88.103,49,0,403.15
"21",2010-04-01,2010,4,"PE20",1929969,4002,1423.11,720.5,9,6520.19999999999
"22",2010-04-01,2010,4,"PE22",862467,39,269.11,111,1,1377.15
"23",2010-04-01,2010,4,"PE24",234701,228,113.571,68,0,472.4
"24",2010-04-01,2010,4,"PE25",548999,14,44.496,20.5,0,219.025
"25",2010-05-01,2010,5,"PE16",981899,106,119.808,64,1,527
"26",2010-05-01,2010,5,"PE17",161203,209,61.76,36,0,275
"27",2010-05-01,2010,5,"PE20",1929969,1815,1702.187,878.5,9,8541.325
"28",2010-05-01,2010,5,"PE22",862467,32,228.685,98.5,1,1183.475
"29",2010-05-01,2010,5,"PE24",234701,316,131.339,71,0,619.05
"30",2010-05-01,2010,5,"PE25",548999,17,27.95,13,0,143.125
"31",2010-06-01,2010,6,"PE16",981899,63,95.253,52,0,459.175
"32",2010-06-01,2010,6,"PE17",161203,130,44.803,25,0,185.05
"33",2010-06-01,2010,6,"PE20",1929969,318,1346.738,615.5,10.975,6563.725
"34",2010-06-01,2010,6,"PE22",862467,18,221.802,99,0,1240.025
"35",2010-06-01,2010,6,"PE24",234701,113,151.979,82,0,742.025
"36",2010-06-01,2010,6,"PE25",548999,10,26.662,12,0,138.05
"37",2010-07-01,2010,7,"PE16",981899,78,66.958,35,0,309.075
"38",2010-07-01,2010,7,"PE17",161203,72,32.87,19,0,143.075
"39",2010-07-01,2010,7,"PE20",1929969,107,726.212,366.5,2.975,3433.975
"40",2010-07-01,2010,7,"PE22",862467,14,224.269,89,1,1181.1
"41",2010-07-01,2010,7,"PE24",234701,93,117.76,57,0,611.05
"42",2010-07-01,2010,7,"PE25",548999,4,27.416,13,0,151.025
"43",2010-08-01,2010,8,"PE16",981899,60,65.816,34,0,318.075
"44",2010-08-01,2010,8,"PE17",161203,46,25.386,14,0,111
"45",2010-08-01,2010,8,"PE20",1929969,15,458.346,210,1,2424.05
"46",2010-08-01,2010,8,"PE22",862467,6,206.625,90,1,1028.025
"47",2010-08-01,2010,8,"PE24",234701,28,77.691,38.5,0,390.075
"48",2010-08-01,2010,8,"PE25",548999,3,25.055,11,0,131.05
"49",2010-09-01,2010,9,"PE16",981899,35,78.575,42,0,400
"50",2010-09-01,2010,9,"PE17",161203,56,28.219,16,0,133.025
"51",2010-09-01,2010,9,"PE20",1929969,13,309.349,156.5,1,1667.775
"52",2010-09-01,2010,9,"PE22",862467,1,188.074,77,1,1283.025
"53",2010-09-01,2010,9,"PE24",234701,16,55.722,31,0,266.05
"54",2010-09-01,2010,9,"PE25",548999,6,37.205,17,0,205.05
"55",2010-10-01,2010,10,"PE16",981899,49,114.842,64,0.975000000000001,498.075
"56",2010-10-01,2010,10,"PE17",161203,469,41.545,23,0,176.125
"57",2010-10-01,2010,10,"PE20",1929969,6,253.696,123,0.975000000000001,1199.175
"58",2010-10-01,2010,10,"PE22",862467,15,182.993,86.5,1,953.849999999999
"59",2010-10-01,2010,10,"PE24",234701,24,40.041,20,0,186.15
"60",2010-10-01,2010,10,"PE25",548999,2,65.84,31,0,342.125
"61",2010-11-01,2010,11,"PE16",981899,110,182.549,94.5,1,865.125
"62",2010-11-01,2010,11,"PE17",161203,1059,82.915,46,1,357.225
"63",2010-11-01,2010,11,"PE20",1929969,3,231.573,119,1,1145.325
"64",2010-11-01,2010,11,"PE22",862467,14,240.138,119.5,1,1190.5
"65",2010-11-01,2010,11,"PE24",234701,12,31.518,18,0,145.025
"66",2010-11-01,2010,11,"PE25",548999,6,133.771,59.5,0,720.275
"67",2010-12-01,2010,12,"PE16",981899,365,210.249,107.5,2,942.1
"68",2010-12-01,2010,12,"PE17",161203,354,104.592,54,0,487.225
"69",2010-12-01,2010,12,"PE20",1929969,2,253.243,130.5,1,1160.95
"70",2010-12-01,2010,12,"PE22",862467,26,290.457,141.5,2,1392.775
"71",2010-12-01,2010,12,"PE24",234701,2,28.55,15,0,135.05
"72",2010-12-01,2010,12,"PE25",548999,5,152.881,73.5,0,833.15
"73",2011-01-01,2011,1,"PE16",981899,10983,1096.956,561.5,4.975,5181.35
"74",2011-01-01,2011,1,"PE17",161203,419,71.04,38.5,0,342.075
"75",2011-01-01,2011,1,"PE20",1929969,10,138.927,63,0,782.35
"76",2011-01-01,2011,1,"PE22",862467,424,545.608,256,2,2681.325
"77",2011-01-01,2011,1,"PE24",234701,11,6.33,3,0,34
"78",2011-01-01,2011,1,"PE25",548999,58,531.937,290,3,2493.15
"79",2011-02-01,2011,2,"PE16",981899,6362,1149.769,580,4,5304.225
"80",2011-02-01,2011,2,"PE17",161203,483,51.554,28,0,232.075
"81",2011-02-01,2011,2,"PE20",1929969,40,223.03,96,0,1156.45
"82",2011-02-01,2011,2,"PE22",862467,608,480.301,211,3,2393.65
"83",2011-02-01,2011,2,"PE24",234701,17,9.626,5,0,47.025
"84",2011-02-01,2011,2,"PE25",548999,86,399.751,176,2,2118.875
"85",2011-03-01,2011,3,"PE16",981899,2287,1155.715,582,4.975,5779.225
"86",2011-03-01,2011,3,"PE17",161203,317,54.149,29,0,261.35
"87",2011-03-01,2011,3,"PE20",1929969,20,551.974,233,1,3396.725
"88",2011-03-01,2011,3,"PE22",862467,277,542.418,264,3,2540.625
"89",2011-03-01,2011,3,"PE24",234701,29,15.285,8,0,74.05
"90",2011-03-01,2011,3,"PE25",548999,65,273.431,120.5,1,1339.675
"91",2011-04-01,2011,4,"PE16",981899,709,1009.397,562.5,5,4482.95
"92",2011-04-01,2011,4,"PE17",161203,129,58.454,33,0,263.075
"93",2011-04-01,2011,4,"PE20",1929969,26,895.159,367,3,4404.275
"94",2011-04-01,2011,4,"PE22",862467,40,485.138,221,3,2652.4
"95",2011-04-01,2011,4,"PE24",234701,8,28.179,15,0,144.05
"96",2011-04-01,2011,4,"PE25",548999,31,182.92,84,1,919.574999999999
"97",2011-05-01,2011,5,"PE16",981899,236,808.576,461,4,3665.275
"98",2011-05-01,2011,5,"PE17",161203,89,48.435,27,0,223.1
"99",2011-05-01,2011,5,"PE20",1929969,7,950.713,397,4,5415.3
"100",2011-05-01,2011,5,"PE22",862467,21,449.399,219,1,2123.6
"101",2011-05-01,2011,5,"PE24",234701,9,35.391,18,0,170.025
"102",2011-05-01,2011,5,"PE25",548999,14,152.511,68,1,788.3
"103",2011-06-01,2011,6,"PE16",981899,150,586.227,274.5,3.975,2978.925
"104",2011-06-01,2011,6,"PE17",161203,91,28.984,16,0,145
"105",2011-06-01,2011,6,"PE20",1929969,6,515.369,225,2,2821.35
"106",2011-06-01,2011,6,"PE22",862467,5,378.48,187,3,1865.45
"107",2011-06-01,2011,6,"PE24",234701,10,37.363,18,0,170.025
"108",2011-06-01,2011,6,"PE25",548999,4,113.512,54,0,560.275
"109",2011-07-01,2011,7,"PE16",981899,144,440.403,224,3.975,2084.05
"110",2011-07-01,2011,7,"PE17",161203,74,22.678,12,0,105.025
"111",2011-07-01,2011,7,"PE20",1929969,5,270.285,116,1,1339.225
"112",2011-07-01,2011,7,"PE22",862467,13,407.896,164.5,1,2224.325
"113",2011-07-01,2011,7,"PE24",234701,4,24.626,13,0,118.025
"114",2011-07-01,2011,7,"PE25",548999,7,131.061,61,0,640.025
"115",2011-08-01,2011,8,"PE16",981899,91,430.471,201,1,2246.4
"116",2011-08-01,2011,8,"PE17",161203,41,17.312,10,0,83.05
"117",2011-08-01,2011,8,"PE20",1929969,2,172.491,75,0,978.325
"118",2011-08-01,2011,8,"PE22",862467,6,371.625,168.5,1,2001.2
"119",2011-08-01,2011,8,"PE24",234701,2,16.817,8,0,88.025
"120",2011-08-01,2011,8,"PE25",548999,8,115.746,55,0.975000000000001,572.075
"121",2011-09-01,2011,9,"PE16",981899,63,505.733,259,2,2376.4
"122",2011-09-01,2011,9,"PE17",161203,46,20.199,11,0,94.025
"123",2011-09-01,2011,9,"PE20",1929969,3,109.592,49,0,632.05
"124",2011-09-01,2011,9,"PE22",862467,7,331.317,145,1,1635.875
"125",2011-09-01,2011,9,"PE24",234701,2,12.343,6,0,68.025
"126",2011-09-01,2011,9,"PE25",548999,15,152.583,74,0,714.025
"127",2011-10-01,2011,10,"PE16",981899,76,675.401,340,3,2918.85
"128",2011-10-01,2011,10,"PE17",161203,142,38.228,21,0,180.125
"129",2011-10-01,2011,10,"PE20",1929969,26,74.998,38,0,380.025
"130",2011-10-01,2011,10,"PE22",862467,12,354.765,165.5,2,1745.4
"131",2011-10-01,2011,10,"PE24",234701,2,9.141,5,0,47.025
"132",2011-10-01,2011,10,"PE25",548999,35,260.051,122.5,1,1220.125
"133",2011-11-01,2011,11,"PE16",981899,80,1118.826,605.5,5.975,4915
"134",2011-11-01,2011,11,"PE17",161203,98,80.891,47,0,369
"135",2011-11-01,2011,11,"PE20",1929969,35,62.307,30,0,314.225
"136",2011-11-01,2011,11,"PE22",862467,9,510.808,232,3,2527.4
"137",2011-11-01,2011,11,"PE24",234701,9,5.439,3,0,28
"138",2011-11-01,2011,11,"PE25",548999,257,413.82,189,3,2097.1
"139",2011-12-01,2011,12,"PE16",981899,64,1552.94,762,11.975,7064.125
"140",2011-12-01,2011,12,"PE17",161203,27,80.628,44,0,382.1
"141",2011-12-01,2011,12,"PE20",1929969,3,87.354,43,0,418.25
"142",2011-12-01,2011,12,"PE22",862467,15,580.902,243.5,3,3077.325
"143",2011-12-01,2011,12,"PE24",234701,1,5.629,3,0,28
"144",2011-12-01,2011,12,"PE25",548999,1190,348.969,160,2,1849.775
"145",2012-01-01,2012,1,"PE16",981899,400,1011.517,503,7,4865.75
"146",2012-01-01,2012,1,"PE17",161203,101,102.444,61,0,472.2
"147",2012-01-01,2012,1,"PE20",1929969,4,206.626,92,0.975000000000001,1100.375
"148",2012-01-01,2012,1,"PE22",862467,78,1252.3,596,6,6775.9
"149",2012-01-01,2012,1,"PE24",234701,5,19.514,9,0,92.0749999999999
"150",2012-01-01,2012,1,"PE25",548999,2529,1816.442,925.5,10,9391.3
"151",2012-02-01,2012,2,"PE16",981899,396,906.453,486,5.975,4463.325
"152",2012-02-01,2012,2,"PE17",161203,95,75.259,43,0,339.025
"153",2012-02-01,2012,2,"PE20",1929969,11,392.057,177.5,1,1938.475
"154",2012-02-01,2012,2,"PE22",862467,62,1362.122,623,8,6704.1
"155",2012-02-01,2012,2,"PE24",234701,3,32.55,15,0,179.275
"156",2012-02-01,2012,2,"PE25",548999,478,1476.988,754.5,6,7321.925
"157",2012-03-01,2012,3,"PE16",981899,595,618.304,320.5,5,2959.35
"158",2012-03-01,2012,3,"PE17",161203,151,70.004,40,0,291.125
"159",2012-03-01,2012,3,"PE20",1929969,20,796.958,375,3,3923.3
"160",2012-03-01,2012,3,"PE22",862467,105,1075.499,477,4,5660.65
"161",2012-03-01,2012,3,"PE24",234701,10,44.962,24,0,198.1
"162",2012-03-01,2012,3,"PE25",548999,109,1113.415,556.5,7,5133.575
"163",2012-04-01,2012,4,"PE16",981899,577,461.968,251,2,2201.275
"164",2012-04-01,2012,4,"PE17",161203,269,59.646,33,0,249.1
"165",2012-04-01,2012,4,"PE20",1929969,78,1330.205,603,5,7128.72499999999
"166",2012-04-01,2012,4,"PE22",862467,56,931.197,433,3,4799.225
"167",2012-04-01,2012,4,"PE24",234701,9,69.642,37,0,326
"168",2012-04-01,2012,4,"PE25",548999,15,798.182,398,3,3907.55
"169",2012-05-01,2012,5,"PE16",981899,412,325.778,155,2,1564.175
"170",2012-05-01,2012,5,"PE17",161203,237,46.046,27,0,206.2
"171",2012-05-01,2012,5,"PE20",1929969,290,1201.716,577.5,5,5886.375
"172",2012-05-01,2012,5,"PE22",862467,63,750.29,377,6.975,3490.175
"173",2012-05-01,2012,5,"PE24",234701,65,79.192,40.5,0,355.15
"174",2012-05-01,2012,5,"PE25",548999,13,589.492,262.5,4.975,3132.55
"175",2012-06-01,2012,6,"PE16",981899,445,247.605,123.5,1,1281.125
"176",2012-06-01,2012,6,"PE17",161203,249,27.811,16,0,117
"177",2012-06-01,2012,6,"PE20",1929969,345,569.081,282,3,3030.075
"178",2012-06-01,2012,6,"PE22",862467,118,667.568,336,4,3315.55
"179",2012-06-01,2012,6,"PE24",234701,248,53.174,26,0,262
"180",2012-06-01,2012,6,"PE25",548999,13,480.16,226.5,2,2563.825
"181",2012-07-01,2012,7,"PE16",981899,104,201.651,106.5,0,946
"182",2012-07-01,2012,7,"PE17",161203,119,24.08,13.5,0,103.075
"183",2012-07-01,2012,7,"PE20",1929969,205,344.165,148,1,1717.075
"184",2012-07-01,2012,7,"PE22",862467,348,549.118,244,4,2619.425
"185",2012-07-01,2012,7,"PE24",234701,144,46.319,23,0,229.125
"186",2012-07-01,2012,7,"PE25",548999,21,449.441,216.5,1.975,2860.225
"187",2012-08-01,2012,8,"PE16",981899,73,187.527,94.5,0,937.025
"188",2012-08-01,2012,8,"PE17",161203,41,17.599,10,0,80.025
"189",2012-08-01,2012,8,"PE20",1929969,98,202.249,94,1,984.1
"190",2012-08-01,2012,8,"PE22",862467,565,464.346,218,2,2222.6
"191",2012-08-01,2012,8,"PE24",234701,39,35.896,19,0,172
"192",2012-08-01,2012,8,"PE25",548999,26,485.236,219.5,2,2411.125
"193",2012-09-01,2012,9,"PE16",981899,116,203.861,104.5,1,910
"194",2012-09-01,2012,9,"PE17",161203,31,22.592,13,0,98
"195",2012-09-01,2012,9,"PE20",1929969,56,144.572,69.5,0,666.649999999999
"196",2012-09-01,2012,9,"PE22",862467,113,527.982,262.5,2.975,2590.175
"197",2012-09-01,2012,9,"PE24",234701,35,24.388,13,0,117.1
"198",2012-09-01,2012,9,"PE25",548999,73,650.028,304,4.975,3109.975
"199",2012-10-01,2012,10,"PE16",981899,130,340.816,178,3,1545.1
"200",2012-10-01,2012,10,"PE17",161203,124,41.584,24,0,165.125
"201",2012-10-01,2012,10,"PE20",1929969,35,118.872,59,0,580.974999999999
"202",2012-10-01,2012,10,"PE22",862467,56,672.716,298.5,3.975,3598.15
"203",2012-10-01,2012,10,"PE24",234701,10,19.436,9,0,100.075
"204",2012-10-01,2012,10,"PE25",548999,673,939.251,455,7,5108.02499999999
"205",2012-11-01,2012,11,"PE16",981899,657,496.773,235.5,2,2285.625
"206",2012-11-01,2012,11,"PE17",161203,396,82.447,43,0,401.025
"207",2012-11-01,2012,11,"PE20",1929969,32,105.071,50.5,0,547.375
"208",2012-11-01,2012,11,"PE22",862467,500,674.813,322,2,3581.35
"209",2012-11-01,2012,11,"PE24",234701,20,14.351,8,0,62.05
"210",2012-11-01,2012,11,"PE25",548999,5152,1006.156,478.5,4,4546.125
"211",2012-12-01,2012,12,"PE16",981899,477,740.271,405,3.975,3480.1
"212",2012-12-01,2012,12,"PE17",161203,234,84.635,47,0,379.2
"213",2012-12-01,2012,12,"PE20",1929969,7,126.41,63,0,633
"214",2012-12-01,2012,12,"PE22",862467,258,923.655,428,3.975,5075.5
"215",2012-12-01,2012,12,"PE24",234701,4,14.081,7,0,71
"216",2012-12-01,2012,12,"PE25",548999,1954,2060.656,1114.5,16.975,9140.55
"217",2013-01-01,2013,1,"PE16",981899,332,1250.922,647.5,4.975,5918.875
"218",2013-01-01,2013,1,"PE17",161203,197,106.131,62,0,470.125
"219",2013-01-01,2013,1,"PE20",1929969,19,253.217,103.5,1,1371.1
"220",2013-01-01,2013,1,"PE22",862467,95,903.308,493.5,3.975,4538.475
"221",2013-01-01,2013,1,"PE24",234701,0,13.393,6,0,71.0749999999999
"222",2013-01-01,2013,1,"PE25",548999,275,721.503,342,3,3560.15
"223",2013-02-01,2013,2,"PE16",981899,443,899.511,447,4,4511.325
"224",2013-02-01,2013,2,"PE17",161203,270,76.865,48,0,327.025
"225",2013-02-01,2013,2,"PE20",1929969,83,448.204,199.5,1,2183.925
"226",2013-02-01,2013,2,"PE22",862467,116,991.19,395.5,4,6633.22499999999
"227",2013-02-01,2013,2,"PE24",234701,2,19.966,10,0,100.075
"228",2013-02-01,2013,2,"PE25",548999,182,531.539,249.5,4,2651.525
"229",2013-03-01,2013,3,"PE16",981899,538,666.591,356,5,2980.55
"230",2013-03-01,2013,3,"PE17",161203,379,64.997,34,0,292
"231",2013-03-01,2013,3,"PE20",1929969,462,751.235,348.5,2,3859.675
"232",2013-03-01,2013,3,"PE22",862467,165,674.911,318.5,4,3242.7
"233",2013-03-01,2013,3,"PE24",234701,31,24.866,12,0,129.025
"234",2013-03-01,2013,3,"PE25",548999,154,321.176,164.5,1,1568.175
"235",2013-04-01,2013,4,"PE16",981899,370,531.542,290,4,2584.45
"236",2013-04-01,2013,4,"PE17",161203,349,56.202,32,0,250.125
"237",2013-04-01,2013,4,"PE20",1929969,893,1242.346,573.5,7.975,6387.425
"238",2013-04-01,2013,4,"PE22",862467,97,599.62,255.5,1.975,3105.075
"239",2013-04-01,2013,4,"PE24",234701,34,39.66,21,0,167.025
"240",2013-04-01,2013,4,"PE25",548999,95,214.321,100,1,1034.925
"241",2013-05-01,2013,5,"PE16",981899,371,395.261,221.5,1,1891.175
"242",2013-05-01,2013,5,"PE17",161203,240,47.434,26,0,210.125
"243",2013-05-01,2013,5,"PE20",1929969,337,1275.682,603,8,6364.9
"244",2013-05-01,2013,5,"PE22",862467,86,486.363,224.5,1,2633.025
"245",2013-05-01,2013,5,"PE24",234701,49,45.469,25,0,208.025
"246",2013-05-01,2013,5,"PE25",548999,9,219.332,98,1,1102.45
"247",2013-06-01,2013,6,"PE16",981899,387,258.356,133.5,0.975000000000001,1259.35
"248",2013-06-01,2013,6,"PE17",161203,97,38.181,22,0,164.075
"249",2013-06-01,2013,6,"PE20",1929969,144,839.954,396,5.975,4209.925
"250",2013-06-01,2013,6,"PE22",862467,75,443.117,201.5,3.975,2234.575
"251",2013-06-01,2013,6,"PE24",234701,58,47.921,25,0,227.05
"252",2013-06-01,2013,6,"PE25",548999,10,162.582,75,0.975000000000001,822.05
"253",2013-07-01,2013,7,"PE16",981899,196,211.087,116,1,1048.65
"254",2013-07-01,2013,7,"PE17",161203,122,23.927,12,0,110.05
"255",2013-07-01,2013,7,"PE20",1929969,7,517.519,248,3.975,2895.7
"256",2013-07-01,2013,7,"PE22",862467,69,485.882,226.5,2,2321.575
"257",2013-07-01,2013,7,"PE24",234701,43,36.346,19,0,161.225
"258",2013-07-01,2013,7,"PE25",548999,43,142.308,67,0,738.5
"259",2013-08-01,2013,8,"PE16",981899,263,174.222,94,1,815.475
"260",2013-08-01,2013,8,"PE17",161203,110,17.699,10.5,0,81
"261",2013-08-01,2013,8,"PE20",1929969,0,315.94,140,2,1814.35
"262",2013-08-01,2013,8,"PE22",862467,114,411.098,179.5,2,2353.425
"263",2013-08-01,2013,8,"PE24",234701,11,26.802,13,0,128
"264",2013-08-01,2013,8,"PE25",548999,28,154.634,73.5,1,767.199999999999
"265",2013-09-01,2013,9,"PE16",981899,264,206.261,108.5,1,929.949999999999
"266",2013-09-01,2013,9,"PE17",161203,38,25.868,14,0,115.1
"267",2013-09-01,2013,9,"PE20",1929969,0,196.484,96,0,977.475
"268",2013-09-01,2013,9,"PE22",862467,62,357.861,171,2,1850.25
"269",2013-09-01,2013,9,"PE24",234701,5,18.935,10,0,90.025
"270",2013-09-01,2013,9,"PE25",548999,16,208.264,94.5,0,1112.3
"271",2013-10-01,2013,10,"PE16",981899,243,339.982,182.5,1,1578.425
"272",2013-10-01,2013,10,"PE17",161203,67,47.968,27,0,208.05
"273",2013-10-01,2013,10,"PE20",1929969,17,156.463,73,0,752.574999999999
"274",2013-10-01,2013,10,"PE22",862467,89,392.219,175.5,1,1894.475
"275",2013-10-01,2013,10,"PE24",234701,10,12.395,6,0,60.05
"276",2013-10-01,2013,10,"PE25",548999,35,370.017,171,2,1938.625
"277",2013-11-01,2013,11,"PE16",981899,613,530.998,283,2,2461.225
"278",2013-11-01,2013,11,"PE17",161203,224,104.716,61,0,439.3
"279",2013-11-01,2013,11,"PE20",1929969,15,130.138,60,0,656.3
"280",2013-11-01,2013,11,"PE22",862467,123,529.658,243.5,2,2681.625
"281",2013-11-01,2013,11,"PE24",234701,6,10.372,5,0,47.025
"282",2013-11-01,2013,11,"PE25",548999,85,681.871,358,4,3475.55
"283",2013-12-01,2013,12,"PE16",981899,459,717.863,377.5,6.975,3454.075
"284",2013-12-01,2013,12,"PE17",161203,179,92.267,57,1,388
"285",2013-12-01,2013,12,"PE20",1929969,2,176.936,80.5,1,914.649999999998
"286",2013-12-01,2013,12,"PE22",862467,117,692.159,305.5,3,3660.45
"287",2013-12-01,2013,12,"PE24",234701,1,9.038,5,0,42.025
"288",2013-12-01,2013,12,"PE25",548999,127,928.769,467,3.975,4394.4
"289",2014-01-01,2014,1,"PE16",981899,946,1305.749,700.5,7.975,5476.075
"290",2014-01-01,2014,1,"PE17",161203,330,37.503,22,0,161.05
"291",2014-01-01,2014,1,"PE20",1929969,16,621.179,249,1.975,3608.9
"292",2014-01-01,2014,1,"PE22",862467,417,477.62,213.5,2,2657.125
"293",2014-01-01,2014,1,"PE24",234701,68,94.071,48,0,463.1
"294",2014-01-01,2014,1,"PE25",548999,173,718.138,360,3.975,3487.875
"295",2014-02-01,2014,2,"PE16",981899,1145,1062.647,541,8,5019.35
"296",2014-02-01,2014,2,"PE17",161203,188,34.597,21,0,161.05
"297",2014-02-01,2014,2,"PE20",1929969,18,1148.023,506.5,8,5974.825
"298",2014-02-01,2014,2,"PE22",862467,518,479.365,207.5,2,2482.45
"299",2014-02-01,2014,2,"PE24",234701,41,149.61,76,1,699
"300",2014-02-01,2014,2,"PE25",548999,118,524.869,244.5,4,2603.375
"301",2014-03-01,2014,3,"PE16",981899,722,856.375,419.5,3,4131.775
"302",2014-03-01,2014,3,"PE17",161203,120,35.714,18,0,173.025
"303",2014-03-01,2014,3,"PE20",1929969,241,2329.093,1085,15,12374.475
"304",2014-03-01,2014,3,"PE22",862467,377,422.342,199.5,1,2310.35
"305",2014-03-01,2014,3,"PE24",234701,66,237.551,115,1.975,1113.2
"306",2014-03-01,2014,3,"PE25",548999,114,356.616,155.5,1,1830.75
"307",2014-04-01,2014,4,"PE16",981899,480,674.304,354,3,2971.95
"308",2014-04-01,2014,4,"PE17",161203,101,31.607,17,0,156.025
"309",2014-04-01,2014,4,"PE20",1929969,312,4005.099,1819,15,19277.35
"310",2014-04-01,2014,4,"PE22",862467,64,432.136,207.5,2,2122.325
"311",2014-04-01,2014,4,"PE24",234701,65,351.738,186,2,1562.025
"312",2014-04-01,2014,4,"PE25",548999,55,250.235,114.5,1,1228.675
"313",2014-05-01,2014,5,"PE16",981899,564,432.882,234.5,3,2116.175
"314",2014-05-01,2014,5,"PE17",161203,69,28.149,16,0,117.1
"315",2014-05-01,2014,5,"PE20",1929969,391,3453.643,1672.5,20,14846.8
"316",2014-05-01,2014,5,"PE22",862467,40,353.971,163.5,1.975,1917.2
"317",2014-05-01,2014,5,"PE24",234701,124,439.52,229,3,2191.05
"318",2014-05-01,2014,5,"PE25",548999,43,185.47,89,1,858.125
"319",2014-06-01,2014,6,"PE16",981899,364,346.975,180,3,1629.325
"320",2014-06-01,2014,6,"PE17",161203,54,17.771,9,0,81.025
"321",2014-06-01,2014,6,"PE20",1929969,574,1982.878,947.5,10,9521.12499999999
"322",2014-06-01,2014,6,"PE22",862467,25,352.925,155.5,1,1741.775
"323",2014-06-01,2014,6,"PE24",234701,153,397.492,229,2,1809.9
"324",2014-06-01,2014,6,"PE25",548999,56,147.303,68,0,692.824999999999
"325",2014-07-01,2014,7,"PE16",981899,272,265.542,147.5,2,1237.275
"326",2014-07-01,2014,7,"PE17",161203,37,13.608,7,0,58
"327",2014-07-01,2014,7,"PE20",1929969,377,1092.925,521.5,6.975,5199.15
"328",2014-07-01,2014,7,"PE22",862467,16,305.973,147,1,1457.675
"329",2014-07-01,2014,7,"PE24",234701,259,288.873,159,1,1353.925
"330",2014-07-01,2014,7,"PE25",548999,68,131.053,60.5,0,685.4
"331",2014-08-01,2014,8,"PE16",981899,211,226.962,130,1,1049.2
"332",2014-08-01,2014,8,"PE17",161203,44,8.788,5,0,40
"333",2014-08-01,2014,8,"PE20",1929969,309,612.063,272,1,3177.325
"334",2014-08-01,2014,8,"PE22",862467,13,314.583,149,1,1492.5
"335",2014-08-01,2014,8,"PE24",234701,289,164.243,89.5,1,739.125
"336",2014-08-01,2014,8,"PE25",548999,58,123.306,63,0,599.075
"337",2014-09-01,2014,9,"PE16",981899,430,265.859,134.5,2,1364.8
"338",2014-09-01,2014,9,"PE17",161203,41,10.183,5,0,45.025
"339",2014-09-01,2014,9,"PE20",1929969,211,412.453,180,1.975,2115.225
"340",2014-09-01,2014,9,"PE22",862467,19,277.4,123.5,1,1438.55
"341",2014-09-01,2014,9,"PE24",234701,185,129.714,71,0,551.35
"342",2014-09-01,2014,9,"PE25",548999,119,178.129,86,1,861.075
"343",2014-10-01,2014,10,"PE16",981899,700,370.905,200.5,1,1748.475
"344",2014-10-01,2014,10,"PE17",161203,34,22.075,12,0,95.025
"345",2014-10-01,2014,10,"PE20",1929969,118,350.37,166,2,1931.325
"346",2014-10-01,2014,10,"PE22",862467,12,345.795,165,1,1768.275
"347",2014-10-01,2014,10,"PE24",234701,116,86.603,43,0,432
"348",2014-10-01,2014,10,"PE25",548999,172,301.557,144.5,1.975,1456.225
"349",2014-11-01,2014,11,"PE16",981899,702,679.798,375,5,3513
"350",2014-11-01,2014,11,"PE17",161203,74,49.706,31,0,208.05
"351",2014-11-01,2014,11,"PE20",1929969,70,321.269,151,0,1518.375
"352",2014-11-01,2014,11,"PE22",862467,27,417.812,192,2,2106.15
"353",2014-11-01,2014,11,"PE24",234701,178,63.901,35,0,304.175
"354",2014-11-01,2014,11,"PE25",548999,306,577.294,280,3,2960.175
"355",2014-12-01,2014,12,"PE16",981899,513,931.306,474,6,4485.075
"356",2014-12-01,2014,12,"PE17",161203,25,44.716,25,0,199.125
"357",2014-12-01,2014,12,"PE20",1929969,38,365.181,157.5,1,1780.475
"358",2014-12-01,2014,12,"PE22",862467,46,498.899,233,2.975,2974.875
"359",2014-12-01,2014,12,"PE24",234701,156,48.996,24,0,235.075
"360",2014-12-01,2014,12,"PE25",548999,211,890.191,392,4,4652.275
"361",2015-01-01,2015,1,"PE16",981899,505,277.361,137,0,1420.175
"362",2015-01-01,2015,1,"PE17",161203,51,45.669,27,0,205.1
"363",2015-01-01,2015,1,"PE20",1929969,287,1793.953,830.5,9,9341.225
"364",2015-01-01,2015,1,"PE22",862467,64,217.706,99.5,0.975000000000001,1181.65
"365",2015-01-01,2015,1,"PE24",234701,392,182.577,92,1,873.125
"366",2015-01-01,2015,1,"PE25",548999,120,361.217,164.5,1,1829.875
"367",2015-02-01,2015,2,"PE16",981899,320,277.434,133,0.975000000000001,1301.125
"368",2015-02-01,2015,2,"PE17",161203,69,36.188,19,0,171.075
"369",2015-02-01,2015,2,"PE20",1929969,580,3166.106,1572,15.925,16211.1
"370",2015-02-01,2015,2,"PE22",862467,26,257.042,119,1,1263.2
"371",2015-02-01,2015,2,"PE24",234701,660,290.419,161,1,1225.225
"372",2015-02-01,2015,2,"PE25",548999,39,236.02,115,1,1221.375
"373",2015-03-01,2015,3,"PE16",981899,198,206.045,108,1,942.075
"374",2015-03-01,2015,3,"PE17",161203,75,36.468,21,0,150.025
"375",2015-03-01,2015,3,"PE20",1929969,1204,5690.687,2610.5,35,32414.475
"376",2015-03-01,2015,3,"PE22",862467,19,213.911,94,0,1032.65
"377",2015-03-01,2015,3,"PE24",234701,952,433.333,217.5,3,2178.475
"378",2015-03-01,2015,3,"PE25",548999,24,163.193,82.5,1,832.525
"379",2015-04-01,2015,4,"PE16",981899,155,146.096,75.5,1,685.3
"380",2015-04-01,2015,4,"PE17",161203,131,28.955,15,0,131.075
"381",2015-04-01,2015,4,"PE20",1929969,4034,9905.906,4511.5,68.775,50051.275
"382",2015-04-01,2015,4,"PE22",862467,28,165.398,68,0,914.499999999999
"383",2015-04-01,2015,4,"PE24",234701,1234,669.617,344,4,3165.15
"384",2015-04-01,2015,4,"PE25",548999,27,124.59,63,0,577.15
"385",2015-05-01,2015,5,"PE16",981899,107,117.861,60,0.975000000000001,575.15
"386",2015-05-01,2015,5,"PE17",161203,135,19.616,10,0,84
"387",2015-05-01,2015,5,"PE20",1929969,7147,7578.999,3628.5,44.725,38511.65
"388",2015-05-01,2015,5,"PE22",862467,24,136.831,63,0,699.075
"389",2015-05-01,2015,5,"PE24",234701,1948,775.76,401.5,4.975,3377.35
"390",2015-05-01,2015,5,"PE25",548999,15,84.132,42,0,465.175
"391",2015-06-01,2015,6,"PE16",981899,52,95.342,47.5,0,453.025
"392",2015-06-01,2015,6,"PE17",161203,60,14.275,8,0,70
"393",2015-06-01,2015,6,"PE20",1929969,3920,4840.709,2222,26.975,24279.675
"394",2015-06-01,2015,6,"PE22",862467,10,132.381,54.5,0,743.4
"395",2015-06-01,2015,6,"PE24",234701,1145,925.737,474.5,4,4244.375
"396",2015-06-01,2015,6,"PE25",548999,17,72.129,31,0,374.05
"397",2015-07-01,2015,7,"PE16",981899,19,70.994,36,0,318.2
"398",2015-07-01,2015,7,"PE17",161203,21,12.815,7,0,58
"399",2015-07-01,2015,7,"PE20",1929969,1282,2990.552,1537.5,18.975,14756.675
"400",2015-07-01,2015,7,"PE22",862467,7,117.484,52,0,548.05
"401",2015-07-01,2015,7,"PE24",234701,462,732.572,406,5,3288.225
"402",2015-07-01,2015,7,"PE25",548999,23,65.621,29,0,323.4
"403",2015-08-01,2015,8,"PE16",981899,45,63.329,34,0,319.025
"404",2015-08-01,2015,8,"PE17",161203,32,7.733,4,0,32.025
"405",2015-08-01,2015,8,"PE20",1929969,755,1750.756,900,11.9,8565.575
"406",2015-08-01,2015,8,"PE22",862467,17,113.566,49,0,615.05
"407",2015-08-01,2015,8,"PE24",234701,290,462.869,240,2,2108.25
"408",2015-08-01,2015,8,"PE25",548999,17,66.433,29,0,336.05
"409",2015-09-01,2015,9,"PE16",981899,43,72.189,39,0,366.15
"410",2015-09-01,2015,9,"PE17",161203,40,9.495,5,0,43
"411",2015-09-01,2015,9,"PE20",1929969,385,1378.331,678,7,7168.525
"412",2015-09-01,2015,9,"PE22",862467,6,103.077,45.5,0,524.4
"413",2015-09-01,2015,9,"PE24",234701,153,310.411,163.5,2,1430.1
"414",2015-09-01,2015,9,"PE25",548999,22,96.111,45.5,0,449.175
"415",2015-10-01,2015,10,"PE16",981899,74,103.417,53,0,459
"416",2015-10-01,2015,10,"PE17",161203,97,17.802,10,0,71.025
"417",2015-10-01,2015,10,"PE20",1929969,244,1079.818,533,6,5300.8
"418",2015-10-01,2015,10,"PE22",862467,4,119.192,50,0,619.5
"419",2015-10-01,2015,10,"PE24",234701,103,245.287,132,1.975,1154.6
"420",2015-10-01,2015,10,"PE25",548999,21,172.833,80.5,0,860.949999999999
"421",2015-11-01,2015,11,"PE16",981899,61,186.461,100.5,1,878.2
"422",2015-11-01,2015,11,"PE17",161203,73,46.491,28,0,200
"423",2015-11-01,2015,11,"PE20",1929969,97,1024.047,459,5.975,5519.975
"424",2015-11-01,2015,11,"PE22",862467,5,162.4,79.5,0,872
"425",2015-11-01,2015,11,"PE24",234701,31,207.784,113.5,0,934.075
"426",2015-11-01,2015,11,"PE25",548999,13,366.404,160,1,1842.4
"427",2015-12-01,2015,12,"PE16",981899,51,251.151,141,1,1057.075
"428",2015-12-01,2015,12,"PE17",161203,182,37.977,20.5,0,166
"429",2015-12-01,2015,12,"PE20",1929969,108,1199.588,634.5,9,6041.25
"430",2015-12-01,2015,12,"PE22",862467,10,186.376,81.5,0.975000000000001,1021.1
"431",2015-12-01,2015,12,"PE24",234701,48,164.652,89.5,1,849.025
"432",2015-12-01,2015,12,"PE25",548999,12,462.646,205.5,2,2567.175
"433",2016-01-01,2016,1,"PE16",981899,93,384.052,196,3,2036.1
"434",2016-01-01,2016,1,"PE17",161203,176,11.805,6,0,54.0749999999999
"435",2016-01-01,2016,1,"PE20",1929969,348,1322.369,613,9,6796.2
"436",2016-01-01,2016,1,"PE22",862467,24,246.318,114,1,1200.375
"437",2016-01-01,2016,1,"PE24",234701,24,55.231,29,0,260.175
"438",2016-01-01,2016,1,"PE25",548999,141,520.415,246,3,2553.525
"439",2016-02-01,2016,2,"PE16",981899,164,310.255,167.5,2,1301.25
"440",2016-02-01,2016,2,"PE17",161203,64,12.193,6,0,59.025
"441",2016-02-01,2016,2,"PE20",1929969,780,2709.716,1224,14.975,13365.95
"442",2016-02-01,2016,2,"PE22",862467,26,258.687,117,1,1508.475
"443",2016-02-01,2016,2,"PE24",234701,42,84.01,47,0,392.125
"444",2016-02-01,2016,2,"PE25",548999,175,360.944,165.5,2,1901.075
"445",2016-03-01,2016,3,"PE16",981899,268,218.891,115,1,1014.275
"446",2016-03-01,2016,3,"PE17",161203,49,13.068,7,0,56
"447",2016-03-01,2016,3,"PE20",1929969,843,5188.67,2383.5,27.9,27976.875
"448",2016-03-01,2016,3,"PE22",862467,28,209.291,90.5,1,1104.575
"449",2016-03-01,2016,3,"PE24",234701,56,128.948,64.5,1,564.175
"450",2016-03-01,2016,3,"PE25",548999,143,252.255,121.5,1,1279.175
"451",2016-04-01,2016,4,"PE16",981899,270,157.857,81.5,1,807.225
"452",2016-04-01,2016,4,"PE17",161203,60,11.624,6,0,50.0999999999999
"453",2016-04-01,2016,4,"PE20",1929969,1727,8292.526,4107.5,33.975,48054.425
"454",2016-04-01,2016,4,"PE22",862467,37,176.923,78,1,898
"455",2016-04-01,2016,4,"PE24",234701,211,178.153,89,1,902.549999999999
"456",2016-04-01,2016,4,"PE25",548999,116,147.664,73,1,741.05
"457",2016-05-01,2016,5,"PE16",981899,138,130.532,69.5,0,643.05
"458",2016-05-01,2016,5,"PE17",161203,36,8.873,5,0,40
"459",2016-05-01,2016,5,"PE20",1929969,1554,8172.591,3364,57.8,47395.05
"460",2016-05-01,2016,5,"PE22",862467,20,136.382,61.5,0,714.1
"461",2016-05-01,2016,5,"PE24",234701,221,214.966,107,0,1004.2
"462",2016-05-01,2016,5,"PE25",548999,63,123.96,61,0,625.05
"463",2016-06-01,2016,6,"PE16",981899,77,101.997,53,0,535.075
"464",2016-06-01,2016,6,"PE17",161203,15,6.785,4,0,30.025
"465",2016-06-01,2016,6,"PE20",1929969,1003,4748.182,2257,28.925,23829.7
"466",2016-06-01,2016,6,"PE22",862467,24,120.285,56.5,0,597.2
"467",2016-06-01,2016,6,"PE24",234701,150,227.866,119.5,1,1062.35
"468",2016-06-01,2016,6,"PE25",548999,63,94.501,40,0,498.05
"469",2016-07-01,2016,7,"PE16",981899,79,71.31,37.5,0,336.05
"470",2016-07-01,2016,7,"PE17",161203,17,4.821,3,0,22
"471",2016-07-01,2016,7,"PE20",1929969,600,2820.671,1315.5,12,14063.95
"472",2016-07-01,2016,7,"PE22",862467,45,109.945,54,0,585.2
"473",2016-07-01,2016,7,"PE24",234701,148,160.289,80,1,796.624999999999
"474",2016-07-01,2016,7,"PE25",548999,34,100.581,48.5,0,557.15
"475",2016-08-01,2016,8,"PE16",981899,57,69.832,37,0,338.15
"476",2016-08-01,2016,8,"PE17",161203,6,3.813,2,0,19
"477",2016-08-01,2016,8,"PE20",1929969,234,1759.909,803,5,9845.34999999999
"478",2016-08-01,2016,8,"PE22",862467,22,114.261,50,0,568.425
"479",2016-08-01,2016,8,"PE24",234701,66,124.569,62,0,584.175
"480",2016-08-01,2016,8,"PE25",548999,14,110.531,54.5,0,529.05
"481",2016-09-01,2016,9,"PE16",981899,63,80.783,42.5,0,396.025
"482",2016-09-01,2016,9,"PE17",161203,8,4.605,2,0,20.025
"483",2016-09-01,2016,9,"PE20",1929969,163,1304.562,584,6,6817.95
"484",2016-09-01,2016,9,"PE22",862467,17,107.908,46,0,612.15
"485",2016-09-01,2016,9,"PE24",234701,96,71.433,37,0,331.05
"486",2016-09-01,2016,9,"PE25",548999,24,150.158,73,0,714.075
"487",2016-10-01,2016,10,"PE16",981899,189,109.211,59,0,535
"488",2016-10-01,2016,10,"PE17",161203,5,8.747,5,0,38.0749999999999
"489",2016-10-01,2016,10,"PE20",1929969,166,876.981,387.5,2.975,4762.025
"490",2016-10-01,2016,10,"PE22",862467,26,127.542,52.5,0,730.175
"491",2016-10-01,2016,10,"PE24",234701,59,49.751,26.5,0,253.025
"492",2016-10-01,2016,10,"PE25",548999,57,248.721,123,1,1206.625
"493",2016-11-01,2016,11,"PE16",981899,182,183.327,103.5,0.975000000000001,827.225
"494",2016-11-01,2016,11,"PE17",161203,16,20.708,12,0,95.1499999999999
"495",2016-11-01,2016,11,"PE20",1929969,101,862.354,367,4,4693.25
"496",2016-11-01,2016,11,"PE22",862467,40,165.186,74,0,808.2
"497",2016-11-01,2016,11,"PE24",234701,13,45.933,24,0,240
"498",2016-11-01,2016,11,"PE25",548999,58,508.551,259,1.975,2413.6
"499",2016-12-01,2016,12,"PE16",981899,106,251.626,133,2,1149
"500",2016-12-01,2016,12,"PE17",161203,16,17.679,10,0,79
"501",2016-12-01,2016,12,"PE20",1929969,91,985.852,472.5,6,4896.05
"502",2016-12-01,2016,12,"PE22",862467,26,214.548,91,0,1157.125
"503",2016-12-01,2016,12,"PE24",234701,3,39.885,21,0,183.025
"504",2016-12-01,2016,12,"PE25",548999,119,568.008,252.5,4,2987.45
"505",2017-01-01,2017,1,"PE16",981899,166,243.122,123.5,1,1138.875
"506",2017-01-01,2017,1,"PE17",161203,19,29.603,16,0,142.025
"507",2017-01-01,2017,1,"PE20",1929969,280,2084.243,988.5,7.975,10970.025
"508",2017-01-01,2017,1,"PE22",862467,67,237.522,108,1,1263.175
"509",2017-01-01,2017,1,"PE24",234701,57,108.299,48,0,538.05
"510",2017-01-01,2017,1,"PE25",548999,239,308.315,143.5,1,1554.4
"511",2017-02-01,2017,2,"PE16",981899,80,220.255,119.5,1,1083.025
"512",2017-02-01,2017,2,"PE17",161203,18,21.885,13,0,94
"513",2017-02-01,2017,2,"PE20",1929969,905,3545.856,1750.5,22.95,17018.175
"514",2017-02-01,2017,2,"PE22",862467,45,278.463,123.5,1,1549.35
"515",2017-02-01,2017,2,"PE24",234701,85,152.009,84.5,0.975000000000001,743.075
"516",2017-02-01,2017,2,"PE25",548999,109,225.772,103.5,0,1148.175
"517",2017-03-01,2017,3,"PE16",981899,53,170.553,86,1,782.075
"518",2017-03-01,2017,3,"PE17",161203,23,18.814,9,0,97
"519",2017-03-01,2017,3,"PE20",1929969,4177,6243.229,2832.5,29.95,36209.975
"520",2017-03-01,2017,3,"PE22",862467,47,231.304,104,1,1270.55
"521",2017-03-01,2017,3,"PE24",234701,246,216.768,118,1,929.175
"522",2017-03-01,2017,3,"PE25",548999,52,143.782,74,0,675.075
"523",2017-04-01,2017,4,"PE16",981899,63,129.086,62.5,0.975000000000001,636.125
"524",2017-04-01,2017,4,"PE17",161203,44,17.939,9,0,85
"525",2017-04-01,2017,4,"PE20",1929969,20676,7390.875,3537,23.925,40208.025
"526",2017-04-01,2017,4,"PE22",862467,68,157.805,69,0,859.075
"527",2017-04-01,2017,4,"PE24",234701,1391,230.492,118,1,1093.275
"528",2017-04-01,2017,4,"PE25",548999,25,114.938,55.5,0,605.15
"529",2017-05-01,2017,5,"PE16",981899,51,88.888,45,0,443.15
"530",2017-05-01,2017,5,"PE17",161203,33,15.025,8,0,67.025
"531",2017-05-01,2017,5,"PE20",1929969,12087,8121.747,3911,43.85,38047.475
"532",2017-05-01,2017,5,"PE22",862467,71,142.576,68,0,750.2
"533",2017-05-01,2017,5,"PE24",234701,939,380.26,215.5,2,1820.05
"534",2017-05-01,2017,5,"PE25",548999,29,80.081,40,0,384.1
"535",2017-06-01,2017,6,"PE16",981899,36,71.522,34,0,359.05
"536",2017-06-01,2017,6,"PE17",161203,32,9.251,5,0,43
"537",2017-06-01,2017,6,"PE20",1929969,3956,6071.439,3068.5,22.975,28620.825
"538",2017-06-01,2017,6,"PE22",862467,47,114.008,58,0,554.225
"539",2017-06-01,2017,6,"PE24",234701,628,428.597,225,2,1988.425
"540",2017-06-01,2017,6,"PE25",548999,15,68.765,32.5,0,364.3
"541",2017-07-01,2017,7,"PE16",981899,63,46.127,26,0,212.025
"542",2017-07-01,2017,7,"PE17",161203,42,6.03,3,0,25.025
"543",2017-07-01,2017,7,"PE20",1929969,1331,3661.806,1784,27.975,17025.975
"544",2017-07-01,2017,7,"PE22",862467,52,113.175,56,0,560.275
"545",2017-07-01,2017,7,"PE24",234701,324,290.369,152.5,2,1176.675
"546",2017-07-01,2017,7,"PE25",548999,23,62.021,31,0,296.025
"547",2017-08-01,2017,8,"PE16",981899,25,47.808,25,0,222.05
"548",2017-08-01,2017,8,"PE17",161203,15,5.335,3,0,26
"549",2017-08-01,2017,8,"PE20",1929969,314,2244.459,1128,11.975,11298.25
"550",2017-08-01,2017,8,"PE22",862467,25,132.01,68.5,1,632.275
"551",2017-08-01,2017,8,"PE24",234701,127,209.136,105,1,970.05
"552",2017-08-01,2017,8,"PE25",548999,5,74.212,33,0,419
"553",2017-09-01,2017,9,"PE16",981899,54,50.826,27,0,226
"554",2017-09-01,2017,9,"PE17",161203,36,4.912,3,0,21
"555",2017-09-01,2017,9,"PE20",1929969,231,1701.349,779,7,8814.19999999999
"556",2017-09-01,2017,9,"PE22",862467,16,115.152,50.5,0,625.25
"557",2017-09-01,2017,9,"PE24",234701,165,131.779,76,1,575.824999999999
"558",2017-09-01,2017,9,"PE25",548999,18,89.965,43.5,0,455.425
"559",2017-10-01,2017,10,"PE16",981899,66,79.259,43,0,375.075
"560",2017-10-01,2017,10,"PE17",161203,30,13.276,7,0,62.1499999999999
"561",2017-10-01,2017,10,"PE20",1929969,123,1375.157,630.5,4,6789.97499999999
"562",2017-10-01,2017,10,"PE22",862467,9,138.998,65,0,745.1
"563",2017-10-01,2017,10,"PE24",234701,124,101.693,52,1,472.05
"564",2017-10-01,2017,10,"PE25",548999,35,142.832,68.5,1,736.225
"565",2017-11-01,2017,11,"PE16",981899,271,108.418,49,0.975000000000001,542.075
"566",2017-11-01,2017,11,"PE17",161203,107,25.695,13,0,119.025
"567",2017-11-01,2017,11,"PE20",1929969,98,1107.111,540.5,7,5284.875
"568",2017-11-01,2017,11,"PE22",862467,10,180.4,85,0,939.05
"569",2017-11-01,2017,11,"PE24",234701,57,79.902,43,0,385.025
"570",2017-11-01,2017,11,"PE25",548999,66,304.323,138,1,1526.975
"571",2017-12-01,2017,12,"PE16",981899,161,169.691,89.5,0,742.624999999999
"572",2017-12-01,2017,12,"PE17",161203,166,18.564,10,0,82.025
"573",2017-12-01,2017,12,"PE20",1929969,97,1394.011,632.5,6,7692.325
"574",2017-12-01,2017,12,"PE22",862467,3,224.793,105,1,1156.175
"575",2017-12-01,2017,12,"PE24",234701,2,79.397,40,0,387.4
"576",2017-12-01,2017,12,"PE25",548999,163,361.487,166,2,1977
"577",2018-01-01,2018,1,"PE16",981899,135,383.999,237,2,1698.625
"578",2018-01-01,2018,1,"PE17",161203,319,37.355,19,0,171.025
"579",2018-01-01,2018,1,"PE20",1929969,60,156.245,69,0,818.175
"580",2018-01-01,2018,1,"PE22",862467,5,225.971,87.5,0,1250.55
"581",2018-01-01,2018,1,"PE24",234701,14,5.322,3,0,26
"582",2018-01-01,2018,1,"PE25",548999,132,162.535,75.5,1,905.175
"583",2018-02-01,2018,2,"PE16",981899,162,354.265,192,0.975000000000001,1618.15
"584",2018-02-01,2018,2,"PE17",161203,179,33.625,19.5,0,157.025
"585",2018-02-01,2018,2,"PE20",1929969,71,319.461,126.5,1,1908.975
"586",2018-02-01,2018,2,"PE22",862467,9,211.166,87.5,0,1263.025
"587",2018-02-01,2018,2,"PE24",234701,17,9.532,5,0,47.05
"588",2018-02-01,2018,2,"PE25",548999,82,110.979,52,0,562.724999999999
"589",2018-03-01,2018,3,"PE16",981899,174,275.166,146,3,1311.725
"590",2018-03-01,2018,3,"PE17",161203,253,27.233,15,0,121.05
"591",2018-03-01,2018,3,"PE20",1929969,76,693.221,318.5,2,3767.375
"592",2018-03-01,2018,3,"PE22",862467,21,174.815,74.5,0,1074.15
"593",2018-03-01,2018,3,"PE24",234701,2,17.749,9,0,88
"594",2018-03-01,2018,3,"PE25",548999,17,89.054,39,0,452.125
"595",2018-04-01,2018,4,"PE16",981899,151,190.204,105.5,0,834.599999999999
"596",2018-04-01,2018,4,"PE17",161203,139,32.627,18,0,141.075
"597",2018-04-01,2018,4,"PE20",1929969,178,1278.134,553,4,6483.55
"598",2018-04-01,2018,4,"PE22",862467,18,148.635,56,0,894.099999999999
"599",2018-04-01,2018,4,"PE24",234701,1,30.138,15,0,150.025
"600",2018-04-01,2018,4,"PE25",548999,17,61.454,31,0,295.025
"601",2018-05-01,2018,5,"PE16",981899,160,130.819,66.5,1,601.15
"602",2018-05-01,2018,5,"PE17",161203,77,28.355,16,0,136
"603",2018-05-01,2018,5,"PE20",1929969,63,1161.145,557.5,9,5449.3
"604",2018-05-01,2018,5,"PE22",862467,12,130.633,54,0,647.2
"605",2018-05-01,2018,5,"PE24",234701,0,34.326,18.5,0,178
"606",2018-05-01,2018,5,"PE25",548999,19,43.197,19,0,235.025
"607",2018-06-01,2018,6,"PE16",981899,121,102.516,56.5,0,467.175
"608",2018-06-01,2018,6,"PE17",161203,29,18.958,11,0,80.05
"609",2018-06-01,2018,6,"PE20",1929969,29,755.63,335.5,4,4159.275
"610",2018-06-01,2018,6,"PE22",862467,3,111.014,48,0,581.799999999999
"611",2018-06-01,2018,6,"PE24",234701,6,33.709,16.5,0,176.025
"612",2018-06-01,2018,6,"PE25",548999,11,32.221,15,0,158.025
"613",2018-07-01,2018,7,"PE16",981899,69,76.204,35,0,365.075
"614",2018-07-01,2018,7,"PE17",161203,30,13.872,8,0,62.025
"615",2018-07-01,2018,7,"PE20",1929969,11,381.49,165,2,2060.375
"616",2018-07-01,2018,7,"PE22",862467,9,113.716,48,0,660.15
"617",2018-07-01,2018,7,"PE24",234701,5,25.958,12,0,126.025
"618",2018-07-01,2018,7,"PE25",548999,13,32.372,15,0,173.1
"619",2018-08-01,2018,8,"PE16",981899,48,70.366,38,0,314
"620",2018-08-01,2018,8,"PE17",161203,20,10.79,6,0,48.025
"621",2018-08-01,2018,8,"PE20",1929969,5,258.394,108.5,1,1370.15
"622",2018-08-01,2018,8,"PE22",862467,2,102.806,44,0,560.1
"623",2018-08-01,2018,8,"PE24",234701,12,14.206,7,0,77.1249999999999
"624",2018-08-01,2018,8,"PE25",548999,6,34.263,16,0,178.025
"625",2018-09-01,2018,9,"PE16",981899,97,80.263,41,0,413.025
"626",2018-09-01,2018,9,"PE17",161203,22,11.536,6,0,54.05
"627",2018-09-01,2018,9,"PE20",1929969,4,163.224,69,0,870.15
"628",2018-09-01,2018,9,"PE22",862467,3,101.166,46,0,544.2
"629",2018-09-01,2018,9,"PE24",234701,4,10.392,5,0,51.025
"630",2018-09-01,2018,9,"PE25",548999,8,47.463,22,0,268.025
"631",2018-10-01,2018,10,"PE16",981899,129,120.867,70,0,513.175
"632",2018-10-01,2018,10,"PE17",161203,34,24.121,14,0,106.075
"633",2018-10-01,2018,10,"PE20",1929969,10,127.993,56,0,646.1
"634",2018-10-01,2018,10,"PE22",862467,2,104.679,45,0,566.224999999999
"635",2018-10-01,2018,10,"PE24",234701,2,8.33,4,0,44
"636",2018-10-01,2018,10,"PE25",548999,10,79.984,40,0,414.3
"637",2018-11-01,2018,11,"PE16",981899,206,183.64,101,1,883.025
"638",2018-11-01,2018,11,"PE17",161203,48,57.078,32,0,254.05
"639",2018-11-01,2018,11,"PE20",1929969,6,113.027,53,0,597.849999999999
"640",2018-11-01,2018,11,"PE22",862467,6,133.404,55,0,704.025
"641",2018-11-01,2018,11,"PE24",234701,1,6.616,3,0,36.025
"642",2018-11-01,2018,11,"PE25",548999,1,172.288,82,1,950.225
"643",2018-12-01,2018,12,"PE16",981899,381,241.329,122,1,1156.05
"644",2018-12-01,2018,12,"PE17",161203,84,40.593,23,0,170.05
"645",2018-12-01,2018,12,"PE20",1929969,12,112.778,41.5,0,616.175
"646",2018-12-01,2018,12,"PE22",862467,8,175.605,72,0.975000000000001,1028.075
"647",2018-12-01,2018,12,"PE24",234701,0,5.554,3,0,30
"648",2018-12-01,2018,12,"PE25",548999,1,226.427,114,1,1198.875
"649",2019-01-01,2019,1,"PE16",981899,585,395.695,210,2,1815.425
"650",2019-01-01,2019,1,"PE17",161203,106,306.991,182,2,1247.3
"651",2019-01-01,2019,1,"PE20",1929969,0,85.351,34,0,470.1
"652",2019-01-01,2019,1,"PE22",862467,19,718.202,323,4,3481.5
"653",2019-01-01,2019,1,"PE24",234701,1,29.931,16,0,150.075
"654",2019-01-01,2019,1,"PE25",548999,6,132.071,62.5,1,667.325
"655",2019-02-01,2019,2,"PE16",981899,231,367.306,198,1,1731.325
"656",2019-02-01,2019,2,"PE17",161203,175,245.292,132,2,1161.05
"657",2019-02-01,2019,2,"PE20",1929969,4,155.087,64,0,842.175
"658",2019-02-01,2019,2,"PE22",862467,62,802.891,372.5,3,4024.025
"659",2019-02-01,2019,2,"PE24",234701,0,41.298,24,0,177.075
"660",2019-02-01,2019,2,"PE25",548999,10,84.678,38,0,426.05
"661",2019-03-01,2019,3,"PE16",981899,282,269.29,145,1,1288.025
"662",2019-03-01,2019,3,"PE17",161203,174,233.837,136.5,1,1102.75
"663",2019-03-01,2019,3,"PE20",1929969,10,348.842,146,1,2065.275
"664",2019-03-01,2019,3,"PE22",862467,69,685.491,313,4,3741.225
"665",2019-03-01,2019,3,"PE24",234701,9,57.916,32,0,255.025
"666",2019-03-01,2019,3,"PE25",548999,13,51.722,23,0,263.025
"667",2019-04-01,2019,4,"PE16",981899,236,212.729,106.5,0,981.025
"668",2019-04-01,2019,4,"PE17",161203,264,204.664,110,1,891.15
"669",2019-04-01,2019,4,"PE20",1929969,6,554.836,238.5,1,3035.825
"670",2019-04-01,2019,4,"PE22",862467,50,503.445,216.5,2,2906.3
"671",2019-04-01,2019,4,"PE24",234701,10,97.082,52,0,450.15
"672",2019-04-01,2019,4,"PE25",548999,7,41.816,20,0,204.175
"673",2019-05-01,2019,5,"PE16",981899,83,159.553,85,1,759.3
"674",2019-05-01,2019,5,"PE17",161203,250,160.603,86.5,1,691.075
"675",2019-05-01,2019,5,"PE20",1929969,13,470.253,201,2,2815.075
"676",2019-05-01,2019,5,"PE22",862467,84,408.033,183,2,2197.475
"677",2019-05-01,2019,5,"PE24",234701,42,112.385,63,0,482.699999999999
"678",2019-05-01,2019,5,"PE25",548999,2,29.657,14,0,160.075
"679",2019-06-01,2019,6,"PE16",981899,92,110.057,57,1,462.075
"680",2019-06-01,2019,6,"PE17",161203,200,100.878,56,0,459.15
"681",2019-06-01,2019,6,"PE20",1929969,18,321.955,129.5,1,2016.575
"682",2019-06-01,2019,6,"PE22",862467,95,364.464,184,2,1791.5
"683",2019-06-01,2019,6,"PE24",234701,103,101.709,54,1,473.15
"684",2019-06-01,2019,6,"PE25",548999,4,24.193,11,0,126.2
"685",2019-07-01,2019,7,"PE16",981899,34,93.234,48,0,423.125
"686",2019-07-01,2019,7,"PE17",161203,171,77.529,44,0,347.05
"687",2019-07-01,2019,7,"PE20",1929969,5,189.438,77,0,979.425
"688",2019-07-01,2019,7,"PE22",862467,97,349.939,149.5,2,1819.55
"689",2019-07-01,2019,7,"PE24",234701,62,75.054,38,0,350.05
"690",2019-07-01,2019,7,"PE25",548999,5,23.532,11,0,122.05
"691",2019-08-01,2019,8,"PE16",981899,77,75.306,38,0,353.125
"692",2019-08-01,2019,8,"PE17",161203,210,55.985,31,0,253.05
"693",2019-08-01,2019,8,"PE20",1929969,1,94.391,39,0,534.05
"694",2019-08-01,2019,8,"PE22",862467,107,316.643,148,1,1614.4
"695",2019-08-01,2019,8,"PE24",234701,108,37.799,20,0,159.075
"696",2019-08-01,2019,8,"PE25",548999,1,21.713,9,0,132
"697",2019-09-01,2019,9,"PE16",981899,20,92.398,46,0,449.225
"698",2019-09-01,2019,9,"PE17",161203,273,56.533,31.5,0,250
"699",2019-09-01,2019,9,"PE20",1929969,6,60.86,26,0,326.075
"700",2019-09-01,2019,9,"PE22",862467,84,297.087,147,1,1632.75
"701",2019-09-01,2019,9,"PE24",234701,68,29.931,16,0,135
"702",2019-09-01,2019,9,"PE25",548999,7,29.344,14,0,150.1
"703",2019-10-01,2019,10,"PE16",981899,72,142.914,79,1,645.05
"704",2019-10-01,2019,10,"PE17",161203,753,110.521,59,0.975000000000001,506.45
"705",2019-10-01,2019,10,"PE20",1929969,2,53.783,22,0,295.05
"706",2019-10-01,2019,10,"PE22",862467,135,315.133,152.5,2,1567.025
"707",2019-10-01,2019,10,"PE24",234701,38,22.875,12,0,111.025
"708",2019-10-01,2019,10,"PE25",548999,15,49.559,21,0,274.05
"709",2019-11-01,2019,11,"PE16",981899,297,197.585,107,1,894.475
"710",2019-11-01,2019,11,"PE17",161203,3127,177.696,101.5,1,781.025
"711",2019-11-01,2019,11,"PE20",1929969,2,44.227,19,0,246.175
"712",2019-11-01,2019,11,"PE22",862467,546,338.92,169,2,1842.525
"713",2019-11-01,2019,11,"PE24",234701,33,18.025,9,0,94.025
"714",2019-11-01,2019,11,"PE25",548999,56,90.747,41,0,453.125
"715",2019-12-01,2019,12,"PE16",981899,539,257.389,148,1,1182.9
"716",2019-12-01,2019,12,"PE17",161203,1696,182.088,101.5,1,866.225
"717",2019-12-01,2019,12,"PE20",1929969,3,52.638,22,0,274.05
"718",2019-12-01,2019,12,"PE22",862467,621,454.626,222,2,2357.1
"719",2019-12-01,2019,12,"PE24",234701,34,13.825,7,0,63.0999999999999
"720",2019-12-01,2019,12,"PE25",548999,88,121.804,56,0,656.075
